id,name,location,size,type,date,lineup,sonic_dna,subgenres,lat,lng
152,Coachella 2026,"Indio, CA",Massive,Outdoors,2026-06-11,"[""Sabrina Carpenter"",""Justin Bieber"",""KAROL G"",""Anyma"",""Ellie Goulding"",""The xx"",""The Strokes"",""Young Thug"",""Lil Baby"",""Kx5"",""deadmau5"",""Kaskade"",""HAYLA"",""GIVĒON"",""Rampa"",""Adam Port"",""&ME"",""Boys Noize"",""Vinson"",""Keinemusik"",""Nine Inch Nails"",""Disclosure"",""Sam Smith"",""Addison Rae"",""BIGBANG"",""Laufey"",""Labrinth"",""Turnstile"",""Ethel Cain"",""sombr"",""Major Lazer"",""DJ Snake"",""MØ"",""Iggy Pop"",""David Byrne"",""Dijon"",""Teddy Swims"",""Interpol"",""Yeat"",""FKA twigs"",""Wet Leg"",""Alex G"",""Emily Yacina"",""KATSEYE"",""French Montana"",""Swae Lee"",""Clipse"",""Kendrick Lamar"",""Pharrell Williams"",""Pusha T"",""Malice"",""DEVO"",""Solomun"",""Subtronics"",""Coldplay"",""Little Simz"",""Burna Boy"",""Elyanna"",""TINI"",""TAEMIN"",""Sexyy Red"",""Dave"",""Central Cee"",""PinkPantheress"",""Mochakk"",""Joni"",""Duke Dumont"",""Royel Otis"",""Foster The People"",""ALLEYCVT"",""Levity"",""Rezz"",""Armin van Buuren"",""Trevor Guthrie"",""Fujii Kaze"",""Blood Orange"",""Moby"",""Adriatique"",""Bipolar Sunshine"",""Adam Beyer"",""D-Shake"",""Davido"",""Omah Lay"",""KI/KI"",""Marlon Hoffstadt"",""Lykke Li"",""EsDeeKid"",""fakemink"",""Rico Ace"",""Geese"",""rusowsky"",""Holly Humberstone"",""Gigi Perez"",""The Rapture"",""Suicidal Tendencies"",""Sharam"",""Layton Giordani"",""Green Velvet"",""Gordo"",""Drake"",""Creepy Nuts"",""Joyce Manor"",""BINI"",""AYYBO"",""Emilia"",""Luísa Sonza"",""BUNT."",""Nate Traveller"",""French Police"",""Black Flag"",""Oklou"",""Bladee"",""ZULAN"",""Los Hermanos Flores"",""KETTAMA"",""Groove Armada"",""Joost"",""HUGEL"",""Topic"",""Arash"",""Daecolm"",""CMAT"",""Kesha"",""Slayyyter"",""Rose Gray"",""Lipless"",""flowerovlove"",""Bedouin"",""Marieme"",""Röyksopp"",""The Chats"",""DRAIN"",""Model/Actriz"",""ren atatu"",""Noga Erez"",""Prospa"",""RAHH"",""Hot Mulligan"",""Skrillex"",""Hamdi"",""TAICHU"",""OFFAIAH"",""contra"",""Fleshwater"",""Ben Sterling"",""Superchumbo"",""Blondshell"",""Specific Coast"",""Cobrah"",""Los Retros"",""WhoMadeWho"",""Lambrini Girls"",""Ecca Vandal"",""Chris Lorenzo"",""Max Styler"",""Audio Bullys"",""Wednesday"",""Dabeull"",""HolyBrune"",""Mind Enterprises"",""Jane Remover"",""James Carter"",""Punctual"",""RBZ"",""The Two Lips"",""NewDad"",""Barry B"",""Carolina Durante"",""Freak Slug"",""SOSA"",""Famous Friend"",""Glitterer"",""Carlita"",""Janet Planet"",""Josh Baker"",""Villa Coola"",""Febuary"",""Ilkay Sencan"",""Mahmut Orhan"",""Riordan"",""MËSTIZA"",""Tayllor"",""itsyáng"",""Morganne"",""&friends"",""JOSEPH (CH)"",""Brent Faiyaz"",""Azzecca"",""Die Spitz"",""WHATMORE"",""RoelBeat"",""YOUNA"",""Sahar Z"",""Vic F"",""MEDUZA"",""GENESI"",""Yamagucci"",""Darco"",""SOMMA"",""LE YORA"",""Samia"",""Chris Avantgarde"",""Gage"",""Daniel Caesar"",""Chris Brown"",""J. Cole"",""Travis Scott"",""Gryffin"",""Nu-La"",""AlunaGeorge"",""Nyla"",""Fuse ODG"",""Post Malone"",""Diplo"",""Cleo Sol"",""Ice Spice"",""Jax Jones"",""Dem Jointz"",""Grabbitz"",""Caroline Polachek"",""Lorde"",""Mustafa"",""Samm (BE)"",""Jaimes"",""DJ Daddy Trance"",""Musa Keys"",""LATIN MAFIA"",""Feid"",""KayBlack"",""ero808""]","{""bass"":4.19,""chaos"":2.87,""pulse"":5.71,""space"":6.7,""swing"":5.26,""euphoria"":6.59,""intensity"":4.55}","{""dub"":0.089,""bass"":0.033,""grime"":0.244,""house"":1,""2-step"":0.059,""techno"":0.305,""trance"":0.196,""ambient"":0.184,""dubstep"":0.105,""hyperpop"":0.138,""nu-disco"":0.03,""trip-hop"":0.107,""breakbeat"":0.03,""breakcore"":0.047,""downtempo"":0.046,""dream-pop"":0.382,""uk-garage"":0.113,""deep-house"":0.249,""tech-house"":0.103,""electro-house"":0.037,""midtempo-bass"":0.048,""melodic-techno"":0.03,""minimal-techno"":0.027,""progressive-house"":0.12,""progressive-trance"":0.044}",33.678,-112.234
153,Ultra Miami 2026,"Miami, FL",Massive,City,2026-06-11,"[""Swedish House Mafia"",""John Martin"",""cassö"",""RAYE"",""D-Block Europe"",""David Guetta"",""Bebe Rexha"",""Chrystal"",""NOTION"",""Roman Messer"",""Kayote"",""Dimitri Vegas & Like Mike"",""Tiësto"",""Dido"",""W&W"",""Dimitri Vegas"",""Like Mike"",""BENNETT"",""WhiteCapMusic"",""mavzy grx"",""Alicia Keys"",""WESCALATIE"",""The Infamous"",""MORY"",""LYNSY"",""Ian Storm"",""CYRUS"",""John Summit"",""HAYLA"",""ThoBa"",""SoNatta"",""Gabriel Wittner"",""DANIQ"",""Disco Lines"",""Tinashe"",""Skytech"",""The M"",""Lena Leon"",""FEEL"",""Olivia Cadenza"",""Aresta"",""SAMMY & LESEN"",""Manhart"",""FUTURAMI"",""Empyre One"",""RAMSES"",""AFROJACK"",""Martin Garrix"",""Amél"",""MITCH DB"",""Emilio"",""Carl Lazy"",""Sandëro"",""Dua Lipa"",""Going Deeper"",""Ryan Spicer"",""Wasback"",""BAMI"",""Fresh Coast"",""HUTS"",""Seeko"",""KROMA"",""New Beat Order"",""Amero"",""Armin van Buuren"",""SACHA"",""dnvn"",""Nito-Onna"",""Garage King"",""TESS"",""Naeleck"",""le Shuuk"",""R3SPAWN"",""MYKL MYLZ"",""OneRepublic"",""Alesso"",""mgZr"",""DOOTS"",""ech0"",""NLCK"",""Nic Johnston"",""Anika"",""Calvin Harris"",""Clementine Douglas"",""Moto Moto"",""YRIQUE"",""ACRAZE"",""Cherish"",""LEDUC"",""NOËP"",""Karlie Chui"",""Tove Lo"",""NO EMOTION"",""Luke More"",""Axwell /\\ Ingrosso"",""Axwell"",""Sebastian Ingrosso"",""Doreus"",""Delerium"",""Sarah McLachlan"",""LINIX"",""Ellie Goulding"",""Blura"",""KHAERIS"",""Samarth Goel"",""A-SIX"",""Alexia"",""Céline Dion"",""Shouse"",""Tommy Trash"",""Avicii"",""Rhode"",""Inéz"",""Prime Punk"",""Norberto Loco"",""MEDUZA"",""James Carter"",""Elley Duhé"",""FAST BOY"",""Lost Frequencies"",""CIEL."",""Radio Cargo"",""The Weeknd"",""TCM"",""Ely Oaks"",""Orvyn Sol"",""Tom Crawford"",""Sandro Cavazza"",""Peggy Gou"",""Lawstylez"",""Maria Beyer"",""Connie Constance"",""MORTEN"",""Trippie Redd"",""Alok"",""The Chainsmokers"",""Mae Stephens"",""Pendulum"",""Medusa"",""Repulse"",""Saksham"",""Scott Quinn"",""Ava Max"",""SEM"",""Mondello'G"",""CERES"",""Tribbs"",""Nate Smith"",""LAVINIA"",""James Hype"",""Miggy Dela Rosa"",""The Galaxy"",""Durdenhauer"",""A$AP Rocky"",""Skepta"",""Goldistic"",""Cleo Grooves"",""Sander Divino"",""Junior Skye"",""Sam Gray"",""Hardwell"",""Dyro"",""Punctual"",""Alika"",""Łaszewo"",""Bastyan"",""Sam Welch"",""Arcando"",""Bonn"",""Jordan Jade"",""Levi Heron"",""David Burster"",""LonelyBrothers"",""Kush Rust"",""Ella Eyre"",""Kenny Dope"",""Never Dull"",""CARMA"",""RVLE"",""LF SYSTEM"",""Imanbek"",""BYOR"",""Gabry Ponte"",""Slenderino"",""Luzie"",""Jex"",""Felix Jaehn"",""Ray Dalton"",""Anne-Marie"",""Coi Leray"",""All Is Fine"",""Vinil"",""Idun Nicoline"",""Britney Spears"",""Tate McRae"",""Mason"",""Princess Superstar"",""Sam Harper"",""Bobby Harvey"",""Kasabian"",""Kim Petras"",""Marshmello"",""AVAION"",""Öwnboss"",""Sevek"",""Becky Hill"",""Vowed"",""Veronica Bravo"",""Ella Henderson"",""Rudimental"",""Hypaton"",""Calum Scott"",""Joel Corry"",""MNEK"",""Fargro"",""Kid Cudi"",""MGMT"",""Ratatat"",""Steve Aoki""]","{""bass"":3.88,""chaos"":2.08,""pulse"":7.96,""space"":6.33,""swing"":4.53,""euphoria"":7.71,""intensity"":5.06}","{""dub"":0.024,""grime"":0.006,""house"":1,""techno"":0.125,""trance"":0.223,""ambient"":0.044,""dubstep"":0.022,""g-house"":0.006,""nu-disco"":0.014,""breakbeat"":0.007,""eurodance"":0.05,""psytrance"":0.011,""deep-house"":0.17,""hard-dance"":0.011,""tech-house"":0.024,""future-bass"":0.011,""future-funk"":0.007,""hard-trance"":0.023,""vocal-trance"":0.065,""drum-and-bass"":0.054,""electro-house"":0.092,""happy-hardcore"":0.033,""uplifting-trance"":0.018,""progressive-house"":0.07,""progressive-trance"":0.043}",25.7744,-80.1856
154,NORTH COAST 2026,"Bridgeview, IL",Massive,Outdoors,2026-06-11,"[""GRiZ"",""Zeds Dead"",""Tape B"",""CREG"",""ProbCause"",""Subtronics"",""Wooli"",""Kaleena Zanders"",""HOLY PRIEST"",""elMefti"",""FACELESS"",""Zatox"",""Krowdexx"",""Rekkt"",""Coolio"",""1 World"",""Ganja White Night"",""Boogie T"",""Liquid Stranger"",""Stick Figure"",""BOOGIE T.RIO"",""Caspa"",""Bob Sinclar"",""Steve Edwards"",""FISHER"",""Marlon Hoffstadt"",""Kita Alexander"",""Aatig"",""Bob Marley & The Wailers"",""Gotye"",""Chris Lake"",""Kimbra"",""Sante Sansone"",""Shermanology"",""REAPER"",""Bella Renee"",""Blanke"",""ShockOne"",""BUNT."",""Nate Traveller"",""Elley Duhé"",""Johan Lenox"",""AVAION"",""Deorro"",""Chris Brown"",""DyCy"",""Adrian Delgado"",""Los Tucanes De Tijuana"",""Maffio"",""Pitbull"",""Elvis Crespo"",""Juan Magán"",""MAKJ"",""YFN Lucci"",""Riot Ten"",""J. Cruze"",""ALLEYCVT"",""Zingara"",""LEVEL UP"",""Levity"",""Lilly Palmer"",""Eli Brown"",""Chase & Status"",""Bou"",""Flowdan"",""IRAH"",""Trigga"",""Takura"",""Kanine"",""Camo & Krooked"",""Mefjus"",""Mila Falls"",""P Money"",""D Double E"",""B Live"",""Current Value"",""DJ Fresh"",""Used"",""Crankdat"",""NGHTMRE"",""Duke Deuce"",""SOFI"",""Olivia"",""Savage"",""Ruvlo"",""NVADRZ"",""Tisoki"",""Cyclops"",""Excision"",""ILLENIUM"",""Valerie Broussard"",""Eksman"",""Kompany"",""SampliFire"",""Dem Jointz"",""John Summit"",""HAYLA"",""AlunaGeorge"",""Tchami"",""BL3SS"",""Kaleem Taylor"",""Marten Hørger"",""Marshall Jefferson"",""Restricted"",""NIKSTER"",""Nik Sitz"",""89ers"",""Anderex"",""Vortek's"",""Lil Texas"",""Teddy Swims"",""The Chainsmokers"",""Lennon Stella"",""Jon Bellion"",""Gryffin"",""Daya"",""Annika Wells"",""MAX"",""Avril Lavigne"",""Travis Barker"",""Motionless In White"",""X Ambassadors"",""Alok"",""SLANDER"",""Dylan Matthew"",""William Black"",""Eric Leva"",""Seven Lions"",""Dabin"",""Calle Lehmann"",""San Holo"",""Julia Church"",""Trivecta"",""RØRY"",""Elle Vee"",""Nevve"",""Asking Alexandria"",""Bandlez"",""Juicy J"",""DJ Snake"",""DJ DIESEL"",""Shaquille O'Neal"",""Kai Wachi"",""Lø Spirit"",""Junkie Kid"",""Nutcase22"",""Oliver Tree"",""Robin Schulz"",""3BallMTY"",""América Sierra"",""El Bebeto"",""Becky G"",""Belinda"",""Porter Robinson"",""Madeon"",""NERO"",""Emorfik"",""VAMPA"",""Sullivan King"",""Mapei"",""Tom Odell"",""Myles Lloyd"",""Josh Rubin"",""David Guetta"",""Bebe Rexha""]","{""bass"":6.16,""chaos"":5.59,""pulse"":4.49,""space"":4.67,""swing"":5.16,""euphoria"":5.85,""intensity"":8.08}","{""dub"":0.055,""bass"":0.02,""grime"":0.138,""house"":0.505,""gabber"":0.02,""riddim"":0.08,""techno"":0.375,""trance"":0.026,""brostep"":0.184,""dubstep"":1,""jump-up"":0.042,""darkstep"":0.017,""hardstyle"":0.035,""neurofunk"":0.021,""uk-garage"":0.017,""deep-house"":0.03,""glitch-hop"":0.056,""tech-house"":0.048,""future-bass"":0.198,""future-funk"":0.025,""hard-techno"":0.165,""drum-and-bass"":0.19,""electro-house"":0.101,""melodic-dubstep"":0.208,""progressive-house"":0.037}",41.7645,-87.8058
155,Forbidden Kingdom 2026,"Orlando, FL",Massive,Outdoors,2026-06-11,"[""Subtronics"",""[IVY]"",""ATLiens"",""GG Magree"",""Subsonic"",""Cyclops"",""sfam"",""snuffy"",""GHENGAR"",""Izzy Vadim"",""Ghastly"",""Deathpact"",""YDG"",""Space Laces"",""DØMINA"",""Hedex"",""Maverick Sabre"",""Slang Dogs"",""Blurrd Vzn"",""Lil Texas"",""REAPER"",""Basstripper"",""Jon Casey"",""Virtual Riot"",""Eliminate"",""Abelation"",""Andromedik"",""Sarah de Warren"",""VEIL"",""Bella Renee"",""Wreckno"",""A Hundred Drums"",""MAD DUBZ"",""Nimda"",""Kompany"",""Kryture"",""MACHAKI"",""DRINKURWATER"",""Shanghai Doom"",""Xotix"",""Pure Powers"",""Yosuf"",""Dion Timmer"",""Austeria"",""Automhate"",""SVDDEN DEATH"",""AVELLO"",""glasscat"",""Bommer"",""Crowell"",""YUNIT."",""Boogie T"",""Ivy Lab"",""Crumb Pit"",""PhaseOne"",""Kai Wachi"",""Jkyl & Hyde"",""Dream Takers"",""FRAXURE"",""HXRT"",""Evalution"",""Oddly Eazy"",""Gardella"",""Steller"",""AG"",""Skellytn"",""Getter"",""Dead Hippie"",""MYRIAS"",""Grabbitz"",""Rezz"",""HE$H"",""Codd Dubz"",""Point.Blank"",""ArrDee"",""Digital Farm Animals"",""HEXXA"",""2DY4"",""Sythyst"",""HVDES"",""Joni Fatora"",""Sloth"",""Viperactive"",""Dillon Francis"",""Kade Findley"",""Mr. Bill"",""Vyle"",""IVORY"",""Raxdflipnote"",""Natty Lou"",""Biometrix"",""Christina Harrison"",""Phrva"",""Rico 56"",""Ecto"",""RANI"",""VIBRANT ILLUSION"",""Prosecute"",""PapaJay"",""Elluminate"",""Make Them Suffer"",""KTRL"",""Shizz Lo"",""AFK"",""rSUN"",""Zoso"",""Star Monster"",""Łaszewo"",""Wooli"",""LEVEL UP"",""7L"",""Chango"",""INAKTIV"",""TRAWMA"",""MONGREL"",""Sanzu"",""SLYCKZ"",""Punishment"",""VICIOUS"",""PYKE"",""VKTM"",""THE RESISTANCE"",""Twopercent"",""D*Minds"",""Ozztin"",""Kotrax""]","{""bass"":7.1,""chaos"":7.74,""pulse"":2.44,""space"":4.26,""swing"":5.9,""euphoria"":5.98,""intensity"":8.92}","{""dub"":0.023,""idm"":0.02,""bass"":0.123,""grime"":0.018,""gabber"":0.019,""riddim"":0.164,""techno"":0.023,""ambient"":0.017,""brostep"":0.062,""dubstep"":1,""jump-up"":0.068,""darkstep"":0.019,""deathstep"":0.033,""downtempo"":0.026,""hardstyle"":0.018,""psytrance"":0.03,""complextro"":0.013,""glitch-hop"":0.018,""hard-dance"":0.035,""future-bass"":0.059,""hard-techno"":0.023,""future-house"":0.017,""drum-and-bass"":0.198,""electro-house"":0.053,""midtempo-bass"":0.051}",28.5447,-81.4332
156,Project Glow 2026,Washington D.C.,Massive,Outdoors,2026-06-11,"[""Disco Lines"",""Tinashe"",""Mau P"",""Max Styler"",""Cloonee"",""Young M.A"",""InntRaw"",""RUZE"",""Riordan"",""Distant Matter"",""fkblnde"",""Gryffin"",""Kaskade"",""Nu-La"",""Eric Prydz"",""AVELLO"",""HXRT"",""Mary Droppinz"",""YDG"",""Łaszewo"",""Zeds Dead"",""FLY"",""Wooli"",""Ray Volpe"",""Sullivan King"",""Excision"",""From Ashes to New"",""Dimension"",""Karen Harding"",""BONNIE X CLYDE"",""Sara Landry"",""Lilly Palmer"",""Maddix"",""Starjunk 95"",""Shlømo"",""DANNY AVILA"",""ROWN"",""Cosmic Gate"",""James French"",""Lavern"",""AR/CO"",""Cassian"",""SCRIPT"",""Belladonna (ofc)"",""AVIRA"",""Sarah de Warren"",""Eli & Fur"",""KREAM"",""RUBACK"",""Linska"",""Alika"",""HAYLA"",""YOTTO"",""Da Hool"",""Qrion"",""Josie Man"",""Effin"",""Rezident"",""Elmar"",""Porter Robinson"",""Ninajirachi"",""G Jones"",""Eprom"",""Discip"",""Ky William"",""ANATTA"",""Sophie Engerman"",""Funkdoobiest"",""DJ Mandy"",""Arden Jones"",""Robbie Doherty"",""Roddy Lima"",""Ranger Trucco"",""bullet tooth"",""Nelly Furtado"",""Coco & Breezy"",""Aluna"",""James Poole"",""LP Giobbi"",""House Gospel Choir"",""Kai Wachi"",""Cyclops"",""ProbCause"",""Daily Bread"",""Tara Carosielli"",""Alex Kennon"",""Spencer Brown"",""Ilan Bluestone""]","{""bass"":4.73,""chaos"":4,""pulse"":5.99,""space"":5.29,""swing"":5.18,""euphoria"":6.41,""intensity"":6.11}","{""idm"":0.025,""bass"":0.089,""grime"":0.026,""house"":1,""glitch"":0.061,""riddim"":0.051,""techno"":0.323,""trance"":0.135,""ambient"":0.112,""brostep"":0.126,""dubstep"":0.513,""hyperpop"":0.041,""nu-disco"":0.075,""trip-hop"":0.025,""uk-garage"":0.025,""deep-house"":0.13,""tech-house"":0.148,""future-bass"":0.041,""future-funk"":0.036,""drum-and-bass"":0.05,""electro-house"":0.113,""melodic-techno"":0.038,""minimal-techno"":0.057,""progressive-house"":0.043,""progressive-trance"":0.044}",38.8897,-76.9715
157,Bonnaroo 2026,"Manchester, TN",Massive,Outdoors,2026-06-11,"[""Skrillex"",""Starrah"",""Four Tet"",""Sirah"",""Missy Elliott"",""Mr. Oizo"",""Habstrakt"",""The Strokes"",""RÜFÜS DU SOL"",""Noah Kahan"",""GRiZ"",""Subtronics"",""Turnstile"",""Teddy Swims"",""Alabama Shakes"",""ROLE MODEL"",""Kesha"",""KH"",""Nelly Furtado"",""Mt. Joy"",""Major Lazer"",""Nyla"",""Fuse ODG"",""J Balvin"",""El Alfa"",""Jessie Murph"",""YUNGBLUD"",""Geese"",""Cloonee"",""Funkdoobiest"",""The Neighbourhood"",""Chase & Status"",""Stormzy"",""Bou"",""Flowdan"",""IRAH"",""Trigga"",""Takura"",""Sara Landry"",""Shlømo"",""Rainbow Kitten Surprise"",""Tedeschi Trucks Band"",""CloZee"",""LSDREAM"",""Clipse"",""Kendrick Lamar"",""Pharrell Williams"",""Pusha T"",""Malice"",""Mariah the Scientist"",""Daily Bread"",""Big Gigantic"",""Lil Jon"",""E-40"",""Sean Paul"",""Blood Orange"",""Wet Leg"",""Hot Mulligan"",""Freddie Gibbs"",""The Alchemist"",""Amyl and The Sniffers"",""Sub Focus"",""Grimes"",""Gorgon City"",""DRAMA"",""Modest Mouse"",""Japanese Breakfast"",""Turnover"",""San Holo"",""Diplo"",""SIDEPIECE"",""bbno$"",""Rich Brian"",""Zack Fox"",""Kenny Beats"",""Mother Mother"",""The Dare"",""Yuna"",""Adventure Club"",""flipturn"",""Passion Pit"",""Snow Strippers"",""Tash Sultana"",""Wyatt Flores"",""Trombone Shorty"",""Lenny Kravitz"",""Del Water Gap"",""Fcukers"",""Confidence Man"",""Spacey Jane"",""NOTION"",""Rachel Chinouriri"",""Łaszewo"",""Blues Traveler"",""Wolfmother"",""Wednesday"",""The Chats"",""Boys Noize"",""Opus III"",""Holly Humberstone"",""SG Lewis"",""Rezz"",""Deathpact"",""Thee Oh Sees"",""Osees"",""Waylon Wyatt"",""The Runarounds"",""Audrey Hobert"",""Blondshell"",""Little Stranger"",""Aly & AJ"",""hemlocke springs"",""Amble"",""Lambrini Girls"",""Daniel Allan"",""Lyrah"",""Goldie Boutilier"",""Dora Jar"",""VILLANELLE"",""Buffalo Traffic Jam"",""VNSSA"",""Trixie Mattel"",""Arcy Drive"",""Mountain Grass Unit"",""Steph Strings"",""LYNY"",""A Hundred Drums"",""Girl Tones"",""Motifv"",""Jackie Hollander"",""PawPaw Rod"",""Excision"",""Juelz"",""The Stews"",""Congress The Band"",""Midnight Generation"",""Sunami"",""Nikita, the Wicked"",""Vince Staples"",""Smino"",""Spiritual Cramp"",""Sharon Van Etten""]","{""bass"":5.44,""chaos"":5.38,""pulse"":4.06,""space"":5.52,""swing"":5.82,""euphoria"":5.77,""intensity"":6.48}","{""dub"":0.161,""idm"":0.131,""bass"":0.08,""grime"":0.307,""house"":0.769,""techno"":0.233,""ambient"":0.172,""brostep"":0.115,""dubstep"":1,""trip-hop"":0.143,""breakcore"":0.096,""downtempo"":0.071,""dream-pop"":0.321,""psytrance"":0.107,""uk-garage"":0.068,""bass-house"":0.039,""glitch-hop"":0.225,""tech-house"":0.071,""future-bass"":0.107,""future-funk"":0.064,""witch-house"":0.08,""drum-and-bass"":0.311,""electro-house"":0.136,""midtempo-bass"":0.089,""minimal-techno"":0.099}",35.4744,-86.0461
158,Lightning in a Bottle 2026,"Kern County, CA",Massive,Indoors,2026-06-11,"[""Empire Of The Sun"",""Mac Miller"",""Disco Lines"",""Tinashe"",""ScHoolboy Q"",""Chase & Status"",""Stormzy"",""Bou"",""Flowdan"",""IRAH"",""Trigga"",""Takura"",""Becky Hill"",""Mau P"",""Sarz"",""Asake"",""Wizkid"",""Skillibeng"",""Lojay"",""Chris Brown"",""ODUMODUBLVCK"",""Shallipopi"",""Theodora"",""Zeina"",""Dimension"",""Sub Focus"",""jigitz"",""Tabi"",""Blue Foundation"",""Zeds Dead"",""Scrufizzer"",""Calvin Harris"",""MPH"",""Chris Lake"",""Kelly Lee Owens"",""Sara Landry"",""Shlømo"",""Alt8"",""Mochakk"",""Joni"",""PinkPantheress"",""Nia Archives"",""KETTAMA"",""DJ HEARTSTRING"",""KLP"",""southstar"",""SWIM"",""Noga Erez"",""Fred again.."",""Lil Yachty"",""Overmono"",""High Contrast"",""ALLEYCVT"",""Levity"",""Nox Vahn"",""Marsh"",""Volen Sentir"",""INZO"",""Blookah"",""DijahSB"",""J. Worra"",""Leo Stannard"",""Hayley May"",""Taylor Moody"",""Midnight Generation"",""Jan Blomqvist"",""Rodriguez Jr."",""Liset Alea"",""RJLA"",""Eli & Fur"",""Jazzy"",""KILIMANJARO"",""Jayda G"",""KAMAUU"",""Adi Oasis"",""Maceo Plex"",""Chromatics"",""Gabriel Ananda"",""Röyksopp"",""Artifakts"",""Daily Bread"",""Obeah"",""Hot Since 82"",""Kuuda"",""Leon Jacques"",""TMPLE"",""Of The Trees"",""Sophie Marks"",""John Summit"",""Oppidan"",""Cutty Ranks"",""venbee"",""WhoMadeWho"",""Tripolism"",""The Shapeshifters"",""Pete Tong"",""MoBlack"",""Max Zotti"",""Monolink"",""Haute & Freddy"",""Effy"",""Mall Grab"",""PEEKABOO"",""borne"",""Conducta"",""Flava D"",""Stush"",""Paige Eliza"",""P Money"",""Justin Hawkes"",""Andrew Hellier"",""T & Sugah"",""Linska"",""GENESI"",""Rebūke"",""Ivy Lab"",""Two Fingers"",""Amon Tobin"",""Metronomy"",""1-800 GIRLS"",""Ishmael Ensemble"",""ATW"",""Interplanetary Criminal"",""Main Phase"",""Brunello"",""Connan"",""Avalon Emerson"",""Moby"",""Mary Droppinz"",""Casey Club"",""Ape Drums"",""JAMIIE"",""Timo Maas"",""Marc Werner"",""Francis Mercier"",""Faul & Wad"",""African Children's Choir"",""Lee Burridge"",""Lost Desert"",""Junior"",""Matthew Dekay"",""Dixon"",""Elephant Heart"",""Mindex"",""Qoi"",""Klangkarussell"",""BIGGER THAN US"",""Marieme"",""Sidecar Tommy"",""Bluetech"",""KNGS"",""AYYO"",""Kravz"",""Smoky Mo"",""Madam X"",""Cartridge"",""DJ JM"",""Andy Martin"",""Amalyn"",""Dojo in the Sky"",""FMLY BZNS"",""Jade De LaFleur"",""Seun Kuti"",""WYTNY"",""Raveena"",""Bianca Maieli"",""Desert Hearts"",""The Silk Road""]","{""bass"":5.16,""chaos"":4.24,""pulse"":5.16,""space"":5.77,""swing"":6.24,""euphoria"":5.75,""intensity"":5.89}","{""dub"":0.06,""idm"":0.067,""bass"":0.124,""grime"":0.27,""house"":1,""jungle"":0.095,""techno"":0.578,""trance"":0.178,""ambient"":0.179,""brostep"":0.045,""dubstep"":0.415,""hyperpop"":0.061,""trip-hop"":0.065,""breakbeat"":0.09,""downtempo"":0.063,""dream-pop"":0.061,""psytrance"":0.042,""uk-garage"":0.418,""deep-house"":0.228,""glitch-hop"":0.061,""tech-house"":0.183,""future-bass"":0.061,""drum-and-bass"":0.536,""minimal-techno"":0.122,""progressive-house"":0.166}",35.2155,-119.3175
159,Lost Lands 2025,"Thornville, OH",Massive,Outdoors,2026-06-11,"[""Have Fun Teaching"",""ILLENIUM"",""SLANDER"",""Bring Me The Horizon"",""blackbear"",""William Black"",""Fairlane"",""Trivecta"",""Armen Paul"",""GRiZ"",""Wooli"",""Gunpoint"",""Eater"",""Ray Volpe"",""Sullivan King"",""Nimda"",""Emorfik"",""SampliFire"",""YAKZ"",""GHENGAR"",""SWANDO"",""Ghastly"",""Stoned Level"",""MUERTE"",""Marshmello"",""HOL!"",""ALLEYCVT"",""Ganja White Night"",""Seven Lions"",""MUZZ"",""Levity"",""SVDDEN DEATH"",""John Summit"",""Subtronics"",""Tape B"",""Sage The Gemini"",""Dimension"",""Alison Wonderland"",""Capochino"",""Grech"",""INFEKT"",""Blanke"",""ÆON:MODE"",""Kompany"",""Excision"",""Calcium"",""Space Laces"",""Kill The Noise"",""Takura"",""T & Sugah"",""REAPER"",""PSYCHEDELIC"",""Dirt Monkey"",""Dabin"",""Kai Wachi"",""Lø Spirit"",""Crankdat"",""Dion Timmer"",""Elle Vee"",""Julianne Hope"",""The Devil Wears Prada"",""Valerie Broussard"",""BARELY ALIVE"",""I Prevail"",""Annika Wells"",""Jon Bellion"",""Tiësto"",""Black Tiger Sex Machine"",""Shallows"",""Nevve"",""ALRT"",""Dylan Matthew"",""The Glitch Mob"",""Bandlez"",""Tisoki"",""Big Florida"",""VKTM"",""Flux Pavilion"",""Cammie Robinson"",""Dem Jointz"",""MAD DUBZ"",""Kamiyada+"",""Hairitage"",""Hyro The Hero"",""PEEKABOO"",""LYNY"",""ATLiens"",""GG Magree"",""Grabbitz"",""LAYZ"",""Kozmoz"",""Zingara"",""Jessica Audiffred"",""Eliminate"",""Hedex"",""IRAH"",""Seth David"",""MUST DIE!"",""Kayzo"",""LEVEL UP"",""Vastive"",""SOFI"",""A Little Sound"",""PeelingFlesh"",""yvm3"",""HAYLA"",""Yosuf"",""SIPPY"",""VAMPA"",""VRG"",""OG Nixin"",""GorillaT"",""Steller"",""XO ELIZA"",""Drew Seeley"",""Riot Ten"",""SubDocta"",""JV Rhymes"",""Cyclops"",""Eptic"",""Mikey Ceaser"",""Rezz"",""Ruvlo"",""AFTERMYFALL"",""Future Exit"",""Prosecute"",""MARAUDA"",""Mersiv"",""Fryar"",""INZO"",""LSDREAM"",""Friction"",""P Money"",""NGHTMRE"",""Duke Deuce"",""Usaybflow"",""PhaseOne"",""HVDES"",""San Holo"",""Julia Church"",""Chassi"",""AC13"",""Kate McGill"",""CABLE"",""CHa05Dr01D"",""HEXXA"",""HUMANSION"",""Lazrus"",""$j"",""AlienPark"",""Dubscribe"",""WYLDE"",""Norma Jean Martine"",""2DY4"",""YDG"",""Faouzia"",""G.E.M."",""Katedudeobvi"",""CHRMNDRS"",""DRINKURWATER"",""chae"",""Juicy J"",""ARMNHMR"",""LOCKBOX"",""Sara Benyo"",""Gabriel Eli"",""Tom Grennan"",""Alna"",""EDDIE"",""TYNAN"",""Zeds Dead"",""DeathbyRomy"",""Bella Renee"",""Gryffin"",""Julia Michaels"",""Said The Sky"",""1788-L"",""Kerli"",""VLCN"",""$teven Cannon"",""ACRAZE"",""Cherish"",""HALIENE""]","{""bass"":7,""chaos"":7.66,""pulse"":2,""space"":4.44,""swing"":5.72,""euphoria"":6.43,""intensity"":8.87}","{""bass"":0.058,""grime"":0.049,""house"":0.044,""glitch"":0.007,""riddim"":0.155,""techno"":0.014,""trance"":0.014,""ambient"":0.035,""brostep"":0.176,""dubstep"":1,""darkstep"":0.055,""deathstep"":0.009,""downtempo"":0.005,""hardstyle"":0.007,""psytrance"":0.006,""glitch-hop"":0.005,""hard-dance"":0.013,""future-bass"":0.114,""speed-house"":0.005,""future-house"":0.013,""drum-and-bass"":0.065,""electro-house"":0.044,""midtempo-bass"":0.023,""melodic-dubstep"":0.066,""progressive-house"":0.004}",39.9405,-82.4055
160,Electric Forest 2026,"Rothbury, MI",Massive,Outdoors,2026-06-11,"[""GRiZ"",""Levity"",""Kai Wachi"",""Tisoki"",""ALAN BAZE"",""Wooli"",""Cyclops"",""Nikita, the Wicked"",""Jkyl & Hyde"",""CREG"",""ILLENIUM"",""Excision"",""I Prevail"",""Kaleena Zanders"",""Devault"",""Don Diablo"",""Bipolar Sunshine"",""Kaivon"",""LSDREAM"",""Gayle Fuller"",""The Science of the Heart"",""AVELLO"",""No/Me"",""Turnin' Heads"",""Ganja White Night"",""Mr. Bill"",""Ellie Goulding"",""Swimming Paul"",""EV"",""MAD DUBZ"",""SIPPY"",""Wilkinson"",""Mougleta"",""Bob Moses"",""Kasablanca"",""Motifv"",""Brunello"",""excusemeplease"",""Erick the Architect"",""st. art"",""Neumonic"",""Mary Droppinz"",""Kaskade"",""CID"",""Anabel Englund"",""SIDEPIECE"",""underscores"",""Yves"",""KH"",""Four Tet"",""Nelly Furtado"",""MPH"",""PEEKABOO"",""Nitepunk"",""LYNY"",""SAYAK DAS"",""Nick Smith"",""SPITFIST"",""SpacemanUFO"",""WvrldFamous"",""Deadlynoiz"",""$iah"",""Bass Boost"",""Ship Wrek"",""Praise Collective"",""Tom Morgan"",""FREDERIC"",""SVDDEN DEATH"",""Cameron Dallas"",""Michelle Pollace"",""Pardonnez-Moi"",""Bastille"",""Dabin"",""Kayoh"",""ISOxo"",""Brutalismus 3000"",""Daily Bread"",""Bombargo"",""Big Gigantic"",""Effin"",""The Flints"",""Night Tapes"",""Eksman"",""Ravenscoon"",""Wiley"",""Stikky Kris"",""Sammy Virji"",""Skepta"",""CHYQUE"",""Tony Shades"",""Crystal"",""Charles Barton"",""Tanja La Croix"",""Jizelle"",""L-A"",""From Beyond"",""Kat Moran"",""Ivy Lab"",""Starjunk 95"",""Shpongle"",""Vincent Antone"",""YFN Lucci"",""T-Pain"",""Bigga Rankin"",""Oppidan"",""Snow Wife"",""AHEE"",""ProbCause"",""HerShe"",""John Summit"",""HAYLA"",""Łaszewo"",""NITTI"",""Bricknasty"",""Tomike"",""Chi-chi"",""Eli Brown"",""Disco Lines"",""Elend Winthrop"",""wes mills"",""KAYTRANADA"",""Channel Tres"",""ALLEYCVT"",""Lumii"",""jigitz"",""Mike Posner"",""Sam Gellaitry"",""Dogs In A Pile"",""SHIMA"",""Whethan"",""LongBoi"",""Sterling Alexander"",""Midnight Generation"",""Zingara"",""Steller"",""Supertaste"",""SLANDER"",""RIOT"",""Mild Minds"",""Tchami"",""Daniel Donato"",""DJ Snake"",""Justice"",""Couch"",""Vandelux"",""Alex Maher"",""Saint Ludo"",""Kasst 8"",""Sweetie Irie"",""MUZZ"",""River Tiber"",""Daniel Caesar"",""Chris Luno"",""Dixon's Violin"",""Xotix"",""Costa"",""Andy Frasco & The U.N."",""Steve Poltz"",""Billy Strings"",""Mike Gordon"",""CRi"",""Timbaland"",""Magoo"",""Sebastian"",""Rajé Shwari"",""The Bahama Soul Club"",""Arema Arega"",""Kygo"",""Zak Abel"",""Nile Rodgers"",""Missy Elliott"",""Obeah"",""edapollo"",""The String Cheese Incident"",""ROYALFLU$H"",""GuarZino"",""Distinct Motive"",""Blanke"",""F3miii"",""Smoakland"",""Wreckno"",""Jessica Audiffred"",""Frost Children"",""Jungle"",""Chris Lake"",""RoRo"",""nate band"",""Ely Oaks"",""LAVINIA"",""Eliza Rose"",""Galantis"",""Pink Sweat$"",""Sub Focus"",""NORTH"",""Cain Culto"",""Xiuhtezcatl"",""Madeon"",""Kyan"",""Big Boss Vette"",""INJI"",""Dem Jointz"",""Eggy"",""Sullivan King"",""From Ashes to New"",""Taylor Barber"",""Cellarium"",""Anna-Sophia Henry"",""Andy C"",""Felix Samuel"",""whoismoli"",""Purple Disco Machine"",""Kungs"",""Julian Perretta"",""Hurts"",""Danny Brown"",""Breathe Carolina"",""Dropgun"",""Tourist"",""Elderbrook"",""SBTRKT"",""Ezra Koenig"",""Boy Amor"",""The Sponges"",""Gotye"",""FISHER"",""Kimbra"",""Sante Sansone"",""Cammie Robinson"",""D.O.D"",""Raphaella"",""Jackie Hollander"",""Malóne"",""Baby Bash"",""Lototskiy"",""Enerjake"",""FRSHMND"",""Heyz"",""Dubbygotbars"",""RUZE"",""Ranger Trucco"",""NightFunk"",""SHOSH"",""Princess Superstar"",""Passion Pit"",""Alok"",""A$AP Rocky"",""Tiësto"",""Odd Mob"",""Goodboys"",""Ed Graves"",""Kompany"",""DJ DIESEL"",""Shaquille O'Neal"",""LAYZ"",""Karner H"",""Gorgon City"",""Muki"",""Malaki"",""Jean Dawson"",""rusowsky"",""Stephanno"",""Iniko"",""ARMNHMR"",""Manic Focus"",""Lizzy Land"",""camoufly"",""Rossi."",""Taylor Swift""]","{""bass"":5.47,""chaos"":5.23,""pulse"":4.39,""space"":5.44,""swing"":6.38,""euphoria"":6.89,""intensity"":6.57}","{""idm"":0.04,""bass"":0.146,""grime"":0.064,""house"":1,""jungle"":0.088,""riddim"":0.052,""techno"":0.082,""trance"":0.044,""ambient"":0.149,""brostep"":0.092,""dubstep"":0.841,""hyperpop"":0.173,""trip-hop"":0.051,""downtempo"":0.086,""dream-pop"":0.053,""uk-garage"":0.205,""deep-house"":0.101,""glitch-hop"":0.08,""tech-house"":0.048,""future-bass"":0.189,""future-funk"":0.041,""drum-and-bass"":0.225,""electro-house"":0.101,""melodic-dubstep"":0.047,""progressive-house"":0.065}",43.5159,-86.3683
161,Beyond Wonderland Chicago,"Chicago, IL",Massive,Outdoors,2026-06-11,"[""Sonny Fodera"",""D.O.D"",""Poppy Baskcomb"",""Loud Luxury"",""Natalie Jane"",""Tiësto"",""FORS"",""Zedd"",""Foxes"",""DJ Snake"",""Lavern"",""DJ Seinfeld"",""Angrybaby"",""Babsy."",""Jeanne Taylor"",""Pauline Herr"",""Marlhy"",""Łaszewo"",""Layton Giordani"",""Maddix"",""Olly James"",""Hannah Laing"",""CHYL"",""Panteros666"",""MCYL"",""NOTD"",""hhunter"",""Kayzo"",""Ely Oaks"",""Elle King"",""Loco Dice"",""Skrillex"",""Fireboy DML"",""CID"",""Taylr Renee"",""SLAMM"",""RAJE"",""ChaseWest"",""Haven Star"",""LP Giobbi"",""Jacob Banks"",""Prunk"",""DJ Mandy"",""AHEE"",""Stylust"",""Grabbitz"",""Rezz"",""Heyz"",""Zeds Dead"",""GorillaT"",""Dream Takers"",""Liquid Stranger"",""Tima Dee"",""BØRIS"",""Cyclops"",""GHENGAR"",""Izzy Vadim"",""Ghastly"",""Excision"",""Sullivan King"",""Kai Wachi"",""Hybrid Minds"",""Catching Cairo"",""Basstripper"",""[IVY]"",""Kanine"",""Polarity"",""Trypdø"",""Basswell"",""Reinier Zonneveld"",""Sarah de Warren"",""SampliFire"",""TRYM"",""Alan Walker"",""Elley Duhé"",""Lost Frequencies"",""CIEL."",""Radio Cargo"",""Libby Whitehouse"",""Benny Benassi"",""The Biz"",""Jazzy"",""Argy"",""rhys from the sticks"",""Alessia Labate"",""Bea Miller"",""ellis"",""DJ Tennis"",""Joseph Ashworth"",""Green Velvet"",""DJ E-Clyps"",""Dajae"",""Pods"",""Gene Farris"",""RIIJA"",""Gkat"",""Peso Pluma"",""Marco Lys"",""Walter Phillips"",""Marco Carola"",""Ryan Nicholls"",""Tobias Gerard"",""Felix Da Housecat"",""Vanfave"",""Pedroz"",""Rebecca Black"",""BRØØKS"",""Emily Roberts"",""Codeko"",""Confidence Man"",""Atura"",""Ella Poletti"",""Simona Shao"",""Tigue Mckay"",""Bella Renee"",""Adventure Club"",""AVELLO"",""Trivecta"",""vanru"",""Hoang"",""raph"",""San Holo"",""ROSSY"",""Casey Cook"",""niko rain"",""INFEKT"",""Space Laces"",""Eptic"",""LYNY"",""ProbCause"",""Big Florida"",""HAMRO"",""XAE"",""HOL!"",""Marshmello"",""LAYZ"",""RZRKT"",""LEVEL UP"",""Emrys"",""Calcium"",""Black Tiger Sex Machine"",""Wooli"",""Ganja White Night"",""Eksman"",""Big Gigantic"",""Born I"",""Friction"",""LYVIA""]","{""bass"":5.72,""chaos"":5.59,""pulse"":5,""space"":5.09,""swing"":5.44,""euphoria"":6.18,""intensity"":7.25}","{""dub"":0.027,""idm"":0.074,""bass"":0.16,""grime"":0.079,""house"":0.72,""riddim"":0.102,""techno"":0.464,""trance"":0.072,""ambient"":0.069,""brostep"":0.167,""dubstep"":1,""jump-up"":0.098,""darkstep"":0.078,""deep-house"":0.149,""tech-house"":0.092,""future-bass"":0.19,""speed-house"":0.025,""future-house"":0.049,""melodic-bass"":0.074,""drum-and-bass"":0.222,""electro-house"":0.239,""midtempo-bass"":0.051,""minimal-techno"":0.065,""melodic-dubstep"":0.027,""progressive-house"":0.084}",41.8604,-87.6083
162,Beyond Wonderland SoCal,"San Bernardino, CA",Massive,Outdoors,2026-06-11,"[""Alok"",""SCRIPT"",""FAANGS"",""Matroda"",""KLP"",""SIDEPIECE"",""Bobby Shmurda"",""Badger"",""Natasha Bedingfield"",""NOTD"",""Maia Wright"",""D.O.D"",""Calvin Harris"",""Florence Welch"",""Noizu"",""Annaca"",""Sonny Fodera"",""Poppy Baskcomb"",""Tiësto"",""FORS"",""Benny Benassi"",""The Biz"",""Zedd"",""Foxes"",""Deorro"",""Jazzy"",""Bart Skils"",""Weska"",""HI-LO"",""DANNY AVILA"",""Nicole Moudaber"",""Space 92"",""Heerhorst"",""it's murph"",""Emi Grace"",""Interplanetary Criminal"",""Original Koffee"",""Ian Asher"",""Olly Alexander (Years & Years)"",""Leondis"",""Butler"",""Z3LLA"",""Trivecta"",""vanru"",""Conrad."",""Phantogram"",""Hoang"",""raph"",""Łaszewo"",""AVELLO"",""SLANDER"",""San Holo"",""Julia Church"",""Casey Cook"",""Dabin"",""Kai Wachi"",""Lø Spirit"",""yetep"",""if found"",""YDG"",""Eptic"",""LYNY"",""Sanzu"",""Sullivan King"",""Vastive"",""Left to Suffer"",""Space Laces"",""Marshmello"",""DJ DIESEL"",""Hairitage"",""Shaquille O'Neal"",""GRiZ"",""Tape B"",""CREG"",""Mary Droppinz"",""Justin Hawkes"",""SHY FX"",""Skepsis"",""Brodie"",""Hedex"",""Maverick Sabre"",""Reid Speed"",""AHEE"",""Heartwurkz"",""Layton Giordani"",""Oliver Heldens"",""BAUGRUPPE90"",""Marie Vaunt"",""CHYL"",""ØTTA"",""Vini Vici"",""Timmy Trumpet"",""Niklas Dee"",""Lilly Palmer"",""Maddix"",""Brennan Heart"",""Blademasterz"",""Basswell"",""TRYM"",""Sub Zero Project"",""Teddy Bee"",""Bad Boombox"",""mischluft"",""Egbert"",""Coone"",""Ben Nicky"",""Wasback"",""ALYSSA"",""IVARR"",""Nico Moreno"",""Laren"",""HOLY PRIEST"",""Manji"",""Samuel Moriero"",""GRAVEDGR"",""WINSON"",""Restricted"",""D-Sturb"",""Aversion"",""Dual Damage"",""E-Force"",""The Purge"",""TAAPION"",""Zatox"",""SAMMY & LESEN"",""Loona"",""BOLO THE DJ"",""Sebby OG"",""Bryan Montero"",""AMÉMÉ"",""Avi Snow"",""Tamir Regev"",""Idd Aziz"",""Nic Fanciulli"",""Calussa"",""TroyBoi"",""Gianni Blu"",""Trace"",""Liquid Rose"",""Barney Bones"",""Tinzo"",""Jojo Lorenzo"",""Marcel Dettmann"",""SHIFTY"",""Steve Angello"",""Modern Tales"",""Eskuche"",""Murphy's Law (UK)"",""Ranger Trucco"",""Phrva"",""Loco Dice"",""Skrillex"",""Fireboy DML"",""Giuseppe Ottaviani"",""John O'Callaghan"",""Gareth Emery"",""Omnia"",""Cold Blue"",""ILLENIUM"",""Ashley Wallbridge"",""Sequence Six"",""Arja"",""Chris Metcalfe"",""Ilan Bluestone"",""Stoneblue"",""Amunete"",""Billy Gillies"",""Betsy"",""Tristan"",""Avalon"",""Selective Response"",""Infected Mushroom"",""Bliss"",""Nu-La"",""David Forbes"",""SHVDZ"",""Alison Wonderland"",""Jake Neumar"",""Arlo"",""Ninajirachi"",""Trella"",""HXRT"",""ARMNHMR"",""glasscat"",""niko rain"",""Perrin Xthona"",""VLCN"",""Nevve"",""HALIENE"",""Grey"",""Wenzday"",""CHANEY"",""FARLEY"",""RAHH"",""Sharlene Hector"",""Biscits"",""TOBEHONEST"",""Max Low"",""Robert Courtois"",""Westend"",""Max Styler"",""No/Me"",""Haftbefehl"",""OMNOM"",""XKYLAR"",""Darla Jade"",""Gardna"",""Marco Strous"",""Travy"",""NITTI"",""FRAXURE"",""Micah Martin"",""Harvey"",""ProbCause"",""Noetika"",""BLVCKHOUND"",""Subtronics"",""Deathpact"",""ATLiens"",""Roniit"",""Black Tiger Sex Machine"",""Hyro The Hero"",""LAYZ"",""RZRKT"",""GG Magree"",""Stoned Level"",""SampliFire"",""IVORY"",""GorillaT"",""Big Gigantic"",""Born I"",""Dream Takers"",""Sihk"",""Jakka-B"",""Lil Texas"",""JAZZY"",""Vieze Asbak"",""Lady Faith"",""NIKSTER"",""Klangkuenstler"",""Sant"",""Dy Vertigo"",""Ski Aggu"",""JOJO"",""KINGH"",""Big Shaq"",""Serum"",""Inja"",""Dr Ofori"",""Skanka"",""Yucki"",""REAPER"",""Bella Renee"",""Turno"",""Dreps"",""Andy C"",""Becky Hill"",""Control Alt Delete"",""Don Diablo"",""Axwell"",""Max C"",""Grafix"",""Reiki Ruawai"",""Delta Heavy"",""Lauren L'aimant"",""ashworld99"",""MUZZ"",""Jozzy"",""e.motion"",""Sola""]","{""bass"":5.9,""chaos"":5.93,""pulse"":4.74,""space"":5.06,""swing"":5.3,""euphoria"":6.36,""intensity"":7.73}","{""idm"":0.093,""bass"":0.162,""grime"":0.082,""house"":0.649,""jungle"":0.035,""riddim"":0.034,""techno"":0.355,""trance"":0.139,""brostep"":0.163,""dubstep"":1,""hardstyle"":0.023,""uk-garage"":0.034,""deep-house"":0.093,""glitch-hop"":0.025,""tech-house"":0.024,""future-bass"":0.138,""hard-techno"":0.07,""speed-house"":0.023,""melodic-bass"":0.07,""drum-and-bass"":0.249,""electro-house"":0.193,""midtempo-bass"":0.046,""minimal-techno"":0.034,""melodic-dubstep"":0.061,""progressive-house"":0.051}",34.095,-117.284
163,Dancefestopia 2026,"La Cygne, KS",Massive,Outdoors,2026-06-11,"[""GRiZ"",""Tape B"",""CREG"",""Gryffin"",""ProbCause"",""Chrishira Perrier"",""ILLENIUM"",""Excision"",""I Prevail"",""Sullivan King"",""Kai Wachi"",""From Ashes to New"",""Wooli"",""Valerie Broussard"",""Zeds Dead"",""MKLA"",""Crankdat"",""NGHTMRE"",""Duke Deuce"",""SOFI"",""Juicy J"",""LSDREAM"",""Cojaxx"",""Ganja White Night"",""Champagne Drip"",""Ray Volpe"",""TYNAN"",""Taylor Barber"",""Austeria"",""Zingara"",""Calcium"",""Usaybflow"",""Dr. Fresch"",""MAD DUBZ"",""Chmura"",""Josh Teed"",""Daggz"",""EAZYBAKED"",""Of The Trees"",""MontyCler"",""Digital Ethos"",""snuffy"",""Effin"",""Eliminate"",""PEEKABOO"",""VALORANT"",""Grabbitz"",""bbno$"",""Rezz"",""Subtronics"",""HEXXA"",""2DY4"",""Heyz"",""MAYLYN"",""Wodd"",""INFEKT"",""HAMRO"",""XAE"",""12th Planet"",""Bandlez"",""Chibs"",""Dirtyphonics"",""Disciple"",""Dodge & Fuski"",""Fox Stevenson"",""Modestep"",""MVRDA"",""Myro"",""Terravita"",""Virus Syndicate"",""Virtual Riot"",""Riot Ten"",""$teven Cannon"",""GHENGAR"",""Izzy Vadim"",""Ghastly"",""Boogie T"",""Huey"",""Distinct Motive"",""Jaenga"",""Charmae"",""Jkyl & Hyde"",""Dennett"",""Just A Gent"",""McCall"",""Samsaruh"",""Know Good"",""JEANLOUIS"",""Jason Ross"",""Kompany"",""HYMNALS"",""IVORY"",""Raxdflipnote"",""Adventure Club"",""Sara Benyo"",""LAYZ"",""Kozmoz"",""AlienPark"",""RZRKT"",""SVDDEN DEATH"",""Kamiyada+"",""Mushroom Cloud"",""Oliverse"",""MUZZ"",""Elle Exxe"",""MØØNE"",""Lumasi"",""Ozztin"",""Twopercent"",""Noetika"",""Exyl"",""Paper Skies"",""Dabin"",""Slyleaf"",""Phrva"",""Pretty Sweet"",""Levity"",""INZO"",""Blookah"",""Liquid Stranger"",""Ravenscoon"",""Wiley"",""ZEKE BEATS"",""Born I"",""Seeka"",""Flozone"",""REAPER"",""Bella Renee"",""ShockOne"",""Jessica Audiffred"",""SampliFire"",""Kayzo"",""SIPPY"",""No/Me"",""Bianca"",""Star Monster"",""Steller"",""Maurice Mobetta Brown"",""Stray Kids"",""Izadi"",""Marshmello"",""Bear Grillz"",""$j"",""WonkyWilla"",""AHEE"",""Quackson"",""Wreckno"",""HerShe"",""Opiuo""]","{""bass"":6.89,""chaos"":7.71,""pulse"":1.93,""space"":4.53,""swing"":5.89,""euphoria"":6.46,""intensity"":8.65}","{""dub"":0.007,""idm"":0.012,""bass"":0.069,""grime"":0.064,""house"":0.019,""riddim"":0.113,""techno"":0.011,""ambient"":0.038,""brostep"":0.176,""dubstep"":1,""darkstep"":0.044,""downtempo"":0.023,""neurofunk"":0.003,""synthwave"":0.007,""complextro"":0.004,""glitch-hop"":0.045,""tech-house"":0.021,""future-bass"":0.085,""future-funk"":0.012,""future-house"":0.008,""drum-and-bass"":0.033,""electro-house"":0.025,""midtempo-bass"":0.029,""melodic-dubstep"":0.031,""progressive-house"":0.011}",38.3582,-94.7571
164,EDC Las Vegas 2026,"Las Vegas, NV",Massive,Outdoors,2026-06-11,"[""Chris Lorenzo"",""Luke Dean"",""Omar+"",""Jackie Hollander"",""Lizzy Land"",""Walker & Royce"",""Westend"",""Darla Jade"",""Noizu"",""Annaca"",""Peggy Gou"",""FISHER"",""bbyclose"",""Ben Sterling"",""Cloonee"",""Funkdoobiest"",""CID"",""Taylr Renee"",""Armin van Buuren"",""Punctual"",""Alika"",""Tiësto"",""Prophecy"",""Katy Tiz"",""Hardwell"",""Chuckie"",""John Summit"",""Inéz"",""Zedd"",""Foxes"",""Martin Garrix"",""R3HAB"",""Skytech"",""Laidback Luke"",""Steve Angello"",""Robin S"",""Innellea"",""Peces Raros"",""The Prodigy"",""Kaskade"",""The Chainsmokers"",""Beau Nox"",""ATLiens"",""GG Magree"",""Subtronics"",""Eptic"",""LYNY"",""Cyclops"",""Kai Wachi"",""Julienne By"",""GRiZ"",""Wooli"",""Levity"",""HOL!"",""AHEE"",""Hamdi"",""P Money"",""YDG"",""A.M.C"",""MUZZ"",""ÆON:MODE"",""Delta Heavy"",""Culture Shock"",""Bou"",""Slay"",""Sub Focus"",""BUNT."",""Mapei"",""Hybrid Minds"",""Catching Cairo"",""San Holo"",""Bipolar Sunshine"",""AVELLO"",""HXRT"",""Seven Lions"",""Kerli"",""Dabin"",""Lø Spirit"",""Adventure Club"",""Codeko"",""William Black"",""baby blue"",""Eli Brown"",""Ollie Lishman"",""Pegassi"",""Matty Ralph"",""KI/KI"",""Marlon Hoffstadt"",""MCR-T"",""Six Sex"",""Hannah Laing"",""Charlie Sparks (UK)"",""Restricted"",""NIKSTER"",""999999999"",""FLKN"",""I Hate Models"",""CLAWZ"",""HOLY PRIEST"",""Manji"",""DØMINA"",""CUTDWN"",""Rebekah"",""Dead X"",""Dionysus"",""Sihk"",""Jakka-B"",""Lil Texas"",""Lenny Dee"",""Rob Gee"",""Yosuf"",""The Saints"",""Noxiouz"",""Satirized"",""MC Livid"",""LNY TNZ"",""Lady Faith"",""Mathame"",""Linska"",""Cassian"",""SCRIPT"",""Belladonna (ofc)"",""KREAM"",""RUBACK"",""Kevin de Vries"",""Mau P"",""Korolova"",""Agents Of Time"",""Conor Ross"",""Roddy Lima"",""Above & Beyond"",""Richard Bedford"",""Cristoph"",""Diana Miro"",""Cosmic Gate"",""James French"",""Beltran"",""SLAMM"",""Prospa"",""RAHH"",""Slugg"",""Joseph Capriati"",""Dennis Cruz"",""Luuk Van Dijk"",""Solomun"",""Denis Sulta"",""bullet tooth"",""Chris Stussy"",""Josh Baker"",""Murphy's Law (UK)"",""Max Dean"",""Chloé Caillet"",""Luke Alessi"",""Jocelyn Brown"",""Simas"",""ZoioCaio"",""Coni07"",""Jub"",""ALVES"",""San Pacho"",""TOBEHONEST"",""Trace"",""Liquid Rose"",""MËSTIZA"",""Faul & Wad"",""Diana Navarro"",""Toman"",""Ahmed Spins"",""Stevo Atambire"",""Abana"",""AJ Couque"",""ANNA"",""Vintage Culture"",""salute"",""Jessie Ware"",""Wax Motif"",""Truth x Lies"",""Ship Wrek"",""OMNOM"",""XKYLAR"",""Discip"",""Sidney Charles"",""HNTR"",""Bushbaby"",""Interplanetary Criminal"",""Original Koffee"",""Sammy Virji"",""Skepta"",""MPH"",""Silva Bumpa"",""MC DT"",""NOTION"",""Charlotte Plank"",""KETTAMA"",""Lu.Re"",""Nostalgix"",""Kyra Mastro"",""Frost Children"",""Kim Petras"",""Alison Wonderland"",""Ninajirachi"",""Snow Strippers"",""Porter Robinson"",""Deathpact"",""Ray Volpe"",""GorillaT"",""DJ DIESEL"",""FRAXURE"",""Shaquille O'Neal"",""Mary Droppinz"",""Distinct Motive"",""SampliFire"",""Ecraze"",""PEEKABOO"",""Skrillex"",""Flowdan"",""Fireboy DML"",""Klo"",""Whethan"",""Doctor P"",""Flux Pavilion"",""Black Tiger Sex Machine"",""Stoned Level"",""INFEKT"",""HAMRO"",""XAE"",""Viperactive"",""Dillon Francis"",""Boogie T"",""Space Laces"",""Marshmello"",""GHENGAR"",""Izzy Vadim"",""Ghastly"",""FuntCase"",""Versa"",""Liquid Stranger"",""LEVEL UP"",""Smoakland"",""Virtual Riot"",""RIOT"",""Getter"",""Shakewell"",""Heyz"",""SIPPY"",""Darude"",""Maria Healy"",""Paul Oakenfold"",""Gareth Emery"",""Omnia"",""Darren Porter"",""Cold Blue"",""Ilan Bluestone"",""Stoneblue"",""Paul van Dyk"",""Aly & Fila"",""Astrix"",""Rising Dust"",""Indira Paganotto"",""RØZ"",""Nsqk"",""Andrew Rayel"",""Serafina"",""Adrian Mills"",""240 KM/H"",""Bad Boombox"",""mischluft"",""DJ Gigola"",""Funk Tribu"",""Lilly Palmer"",""DANNY AVILA"",""ROWN"",""Morgan Seatree"",""VTSS"",""Billy Gillies"",""Nu-La"",""BASHKKA"",""Skream"",""Partiboi69"",""Boys Noize"",""BAUGRUPPE90"",""Ferry Corsten"",""SUPERSTRINGS"",""Steve Aoki"",""KAAZE"",""Sarah de Warren"",""Sedef Adasi"",""Layton Giordani"",""MALUGI"",""Alex Mills"",""PARAMIDA"",""Benwal"",""Charlotte de Witte"",""Comma Dee"",""Thomas Schumacher"",""Underworld"",""T78"",""Roberto Molinaro"",""Maddix"",""Fēlēs"",""Johannes Schuster"",""9inebro"",""ALYSSA JOLEE"",""KUKO"",""Code Black"",""Xense"",""Toneshifterz"",""Da Tweekaz"",""Topmodelz"",""DJ Isaac"",""CLOUDY"",""Klangkuenstler"",""Ski Aggu"",""GRAVEDGR"",""WINSON"",""Nico Moreno"",""Laren"",""Stan Christ"",""Vieze Asbak"",""SLVL"",""The Purge"",""Warface"",""Audiofreq"",""Mish"",""Carola"",""Sub Zero Project"",""Dual Damage"",""Rooler"",""DYEN"",""Paul Elstak"",""Confidence Man"",""JADE"",""SOFI TUKKER"",""Drowning Pool"",""DREYA V"",""BOLO THE DJ"",""Espii"",""HAYLA"",""Nelly Furtado"",""Tiga"",""MEDUZA"",""James Hype"",""VNSSA"",""Trixie Mattel"",""Adriatique"",""Yubik"",""Vincent Vossen"",""Massano"",""THEN"",""Carlo Whale"",""AR/CO"",""Sistek"",""Argy"",""John Cala"",""Warung"",""Eli & Fur"",""Shingo Nakamura"",""Tinlicker"",""Hero Baldwin"",""Luciano"",""Silvie Loto"",""KinAhau"",""Cole Terrazas"",""DJ Mandy"",""Obskür"",""Spray"",""Frankie Bones"",""Gravagerz"",""Adiel"",""ISAbella"",""HAAi"",""The Carry Nation"",""Avalon Emerson"",""Moby"",""Sama’ Abdulhadi"",""Mink"",""Pablo Romero"",""Juliet Mendoza"",""DJ Tennis"",""Eliza Rose"",""Massimiliano Pagliara"",""Fort Romeau"",""Coloray"",""Red Axes"",""ECHO""]","{""bass"":5.57,""chaos"":5.34,""pulse"":5.25,""space"":5.01,""swing"":5.64,""euphoria"":6.29,""intensity"":7.24}","{""idm"":0.097,""bass"":0.11,""grime"":0.072,""house"":0.884,""riddim"":0.094,""techno"":0.315,""trance"":0.163,""ambient"":0.035,""brostep"":0.084,""dubstep"":1,""hyperpop"":0.044,""nu-disco"":0.036,""breakbeat"":0.031,""uk-garage"":0.161,""deep-house"":0.083,""glitch-hop"":0.03,""hard-dance"":0.036,""tech-house"":0.169,""future-bass"":0.188,""hard-techno"":0.06,""witch-house"":0.036,""drum-and-bass"":0.155,""electro-house"":0.23,""progressive-house"":0.048,""progressive-trance"":0.071}",36.2721,-115.0103
165,CRSSD Festival 2026,"San Diego, CA",Massive,Outdoors,2026-06-11,"[""Dom Dolla"",""Amelie Lens"",""Cirez D"",""Tiga"",""Ben Sterling"",""Vintage Culture"",""Alignment"",""Cut Copy"",""Kate Bollinger"",""Borai & Denham Audio"",""Franky Rizardo"",""Tycho"",""bullet tooth"",""Zimmer90"",""Modeselektor"",""PVT"",""TOKiMONSTA"",""Oby Onyioha"",""Nicole Moudaber"",""Space 92"",""Obskür"",""t e s t p r e s s"",""Franck"",""Lane 8"",""Brunello"",""Connan"",""Louie Vega"",""The Martinez Brothers"",""Marc E. Bassy"",""it's murph"",""Emi Grace"",""Deborah de Luca"",""Clara Cuvé"",""Polo & Pan"",""Metronomy"",""John Summit"",""Odd Mob"",""venbee"",""Pegassi"",""Club Angel"",""jigitz"",""Shermanology"",""KILIMANJARO"",""LEILAH"",""La Roux"",""Chromeo"",""Polygonia"",""HoneyLuv"",""IDRIS"",""Josh Baker"",""Omar+"",""Chris Liebing"",""Speedy J"",""Collabs 3000"",""nimino"",""Manta"",""Daya"",""Mita Gami"",""Garden City Movement"",""Moontalk"",""Shouse"",""Franc Moody"",""Silva Bumpa"",""Wideboys"",""Dennis G."",""INJI"",""Zoe Gitter"",""Paul Banks"",""Gang Of Four"",""Ida Engberg"",""MAR VISTA"",""Jaden Thompson"",""Jesse Calosso"",""LuSiD"",""Green Velvet"",""Dave Nunes"",""Stef de Haan"",""Soraya"",""Jyll"",""Michel De Hey"",""Féline Spiegel"",""Vico"",""Antonin"",""OMNOM"",""HYPERBEAM"",""Adam Ten"",""Marina Maximilian"",""Tabi"",""Arlo"",""fkblnde""]","{""bass"":3.96,""chaos"":3.64,""pulse"":6.11,""space"":6.08,""swing"":6.04,""euphoria"":6.82,""intensity"":5.38}","{""house"":1,""glitch"":0.13,""techno"":0.106,""trance"":0.087,""ambient"":0.26,""hyperpop"":0.173,""uk-garage"":0.26,""acid-house"":0.024,""deep-house"":0.024,""tech-house"":0.024,""drum-and-bass"":0.035,""progressive-house"":0.087}",32.7214,-117.1714
166,ILLFest 2026,"Center, Austin, TX",Massive,Outdoors,2026-06-11,"[""Chase & Status"",""Bou"",""Flowdan"",""IRAH"",""Trigga"",""Takura"",""Slay"",""Aitch"",""John Summit"",""HAYLA"",""GRiZ"",""Kaleena Zanders"",""Subtronics"",""ILLENIUM"",""Excision"",""I Prevail"",""Sullivan King"",""Kai Wachi"",""Crankdat"",""NGHTMRE"",""Duke Deuce"",""SOFI"",""SLANDER"",""ZOHARA"",""YNG Martyr"",""ATLiens"",""GG Magree"",""Sara Skinner"",""SABAI"",""Hoang"",""Olivia Ridgely"",""Miles Away"",""ANDe"",""Shannon"",""SHAED"",""Jauz"",""Pinkfong"",""MØ"",""Diplo"",""The Kids"",""86LOVE"",""Tinywiings"",""Kaivon"",""LSDREAM"",""Gayle Fuller"",""Cojaxx"",""REAPER"",""Bella Renee"",""RL Grime"",""Juelz"",""Zero"",""Window Kid"",""Tempa T"",""Big Florida"",""GHENGAR"",""Ghastly"",""Hairitage"",""Rico Act"",""Black Tiger Sex Machine"",""Hyro The Hero"",""DJ DIESEL"",""Shaquille O'Neal"",""Izzy Vadim"",""Gabriel Eli"",""EAZYBAKED"",""Of The Trees"",""Daily Bread"",""MontyCler"",""Rezz"",""Quackson"",""Wreckno"",""HerShe"",""Opiuo"",""K+Lab"",""ProbCause"",""Russ Liquid"",""SHIMA"",""TroyBoi"",""Jon Casey"",""What So Not"",""PEEKABOO"",""TVBOO"",""smith."",""Flozone"",""Zoey808"",""bbno$"",""Casey Club"",""Mary Droppinz"",""HVDES"",""Hostage Situation"",""Jason Leech"",""Roto"",""Xotix"",""Chmura"",""Josh Teed"",""Jaenga"",""Vincent Antone"",""Steller"",""Taylr Renee"",""Zingara"",""Cool Customer"",""Dem Atlas"",""A Hundred Drums"",""Mindset"",""FIIXD"",""Nate da Talented"",""Ravenscoon"",""Luminyst"",""Ian Snow"",""Deorro"",""CELO"",""MACHAKI"",""24hrs"",""Twopercent"",""Ozztin"",""Sloth"",""Mystic Methods"",""Boogie T"",""Gryffin"",""YDG"",""Kade Findley"",""Merricat Black"",""RAFEEKI""]","{""bass"":6.52,""chaos"":7.2,""pulse"":2.86,""space"":5.31,""swing"":6.12,""euphoria"":6.66,""intensity"":8.25}","{""bass"":0.141,""grime"":0.099,""house"":0.113,""riddim"":0.056,""techno"":0.008,""brostep"":0.13,""dubstep"":1,""jump-up"":0.03,""darkstep"":0.094,""trip-hop"":0.035,""downtempo"":0.014,""dream-pop"":0.06,""psytrance"":0.146,""glitch-hop"":0.144,""future-bass"":0.312,""future-funk"":0.024,""future-house"":0.04,""melodic-bass"":0.03,""drum-and-bass"":0.132,""electro-house"":0.032,""midtempo-bass"":0.039,""melodic-dubstep"":0.076,""progressive-house"":0.008,""deconstructed-club"":0.014,""progressive-trance"":0.03}",30.2977,-97.6322
167,Okeechobee 2026,"Okeechobee, FL",Massive,Outdoors,2026-06-11,"[""The Lumineers"",""Zach Bryan"",""Bob Sinclar"",""Steve Edwards"",""FISHER"",""Kita Alexander"",""bbyclose"",""Gotye"",""Chris Lake"",""Kimbra"",""Sante Sansone"",""Gryffin"",""GRiZ"",""Zeds Dead"",""John Summit"",""HAYLA"",""Wooli"",""T-Pain"",""Yung Joc"",""Pitbull"",""Akon"",""Joey Galaxy"",""Dreezy"",""Alison Wonderland"",""Erick the Architect"",""QUIX"",""MEMBA"",""Dimension"",""Valentino Khan"",""Big Gigantic"",""Gramatik"",""ProbCause"",""Kasbo"",""Angela McCluskey"",""Louis The Child"",""NoMBe"",""Ganja White Night"",""DENM"",""Big Wild"",""Rationale"",""BigXthaPlug"",""Bailey Zimmerman"",""BLAAP"",""Curren$y"",""Cousin Stizz"",""Of The Trees"",""Freddy Todd"",""Wreckno"",""MotorKam"",""flipturn"",""SLANDER"",""Liquid Stranger"",""Subtronics"",""Boogie T"",""LSDREAM"",""Goth Babe"",""Madeon"",""Kyan"",""ian"",""Lil Yachty"",""Taylor Swift"",""LP Giobbi"",""Bob Marley & The Wailers"",""DJ Tennis"",""Joseph Ashworth"",""Alex Kennon"",""Tensnake"",""Cara Melín"",""Cojaxx"",""Champagne Drip"",""CloZee"",""Rainbow Kitten Surprise"",""The Disco Biscuits"",""Billy & The Kids"",""TuPhace"",""Tycho"",""Saint Sinner"",""Satin Jackets"",""Elley Duhé"",""Whethan"",""Dua Lipa"",""Oliver Tree"",""Flux Pavilion"",""MAX"",""Phantogram"",""Young the Giant"",""Zingara"",""Jessica Chertock"",""Gardella"",""Tweenkboosiechase"",""ALLEYCVT"",""AHEE"",""WonkyWilla"",""Sømething"",""Artifakts"",""Daily Bread"",""Maddy O'Neal"",""Capochino"",""Katedudeobvi"",""Seth David"",""Covex"",""Grabbitz"",""Slow Magic"",""Cozmoe"",""Cxssidy"",""Fi Sullivan"",""Landon McNamara"",""Shwayze"",""Slightly Stoopid"",""Dogs In A Pile"",""Effin"",""Anna-Sophia Henry"",""Tape B"",""Eggy"",""Jantsen"",""Mersiv"",""SubDocta"",""Know Good"",""JEANLOUIS"",""Hydraulix"",""NITTI"",""Koastle"",""DLG."",""Conrad."",""Łaszewo"",""Talia Rose"",""Lizzy Jane"",""MOONZz"",""PURGE"",""Figure"",""Mary Droppinz"",""SHOSH"",""Princess Superstar"",""Anabel Englund"",""Moon Taxi"",""Bobby Alu"",""Penelope Road"",""Pretty Pink"",""Lost Frequencies"",""Armin van Buuren"",""Mr. Probz"",""Levity"",""Opiuo"",""K+Lab"",""Ravenscoon"",""yevhenny"",""Born I"",""ZEKE BEATS"",""Seeka"",""OMAS"",""Dani King"",""Richy Mitch & The Coal Miners"",""Smoakland"",""LEVEL UP"",""INZO"",""Steller"",""Maurice Mobetta Brown"",""The Movement"",""HIRIE"",""Ries Brothers"",""Iration"",""Kevin Jordan Ries"",""The Stews"",""Tropidelic"",""Matisyahu"",""Bumpin Uglies"",""The Elovaters"",""Little Stranger"",""Dale and the ZDubs"",""Surfer Girl"",""Devin The Dude"",""Trousdale"",""Truth"",""TVBOO"",""smith."",""Winyah"",""Bergsonist"",""Depeche Mode"",""Tonina"",""Black Rave Culture"",""dreamcastmoe"",""Derrick May"",""Mayday"",""Rhythim Is Rhythim"",""System 7"",""Sueño Latino"",""Manuel Goettsching"",""Mathew Jonson"",""Quenum"",""Izhevski"",""Volen Sentir"",""Âme"",""Damian Lazarus"",""Harry Romero"",""Moodymann"",""Andres"",""Amp Dog Knight"",""Nightmares On Wax"",""Yasiin Bey"",""Mos Def"",""Octave One"",""Groove Armada"",""Paris Brightledge"",""Riva Starr"",""Soul Speech"",""Harry Stone"",""Todd Terry"",""Hyperloop"",""Carl Cox"",""Eliza Rose"",""Diplo"",""Kareen Lomax"",""lau.ra"",""Rufige Kru"",""Goldie"",""Submotive"",""CASISDEAD"",""Special Request"",""Baauer"",""Bipolar Sunshine"",""Tim Reaper"",""Calvin Harris"",""tamiX"",""Shigeto"",""KESSWA"",""The Josh Craig"",""TV HILL"",""dimneonsum"",""OG AG"",""Cage The Elephant"",""Dirty Heads"",""ROME"",""Dave Audé"",""Knock2"",""fussy"",""ISOxo"",""RL Grime"",""ISOKNOCK"",""Freddie Gibbs"",""The Alchemist"",""Anderson .Paak"",""Tyler, The Creator"",""Rick Ross"",""Japanese Breakfast"",""LCD Soundsystem"",""Paris Texas"",""Beltran"",""Mandragora"",""The Martinez Brothers"",""Tokischa"",""Khia"",""Big Boi"",""Big Grams"",""Killer Mike"",""Jeezy"",""Cutty"",""DREAMERS"",""UPSAHL"",""Michael Swank"",""AK SPORTS"",""Slipmami"",""NORA"",""DiCE MaN"",""Smokestax"",""Murkury"",""RAFEEKI"",""Mick Jerome"",""Bastiansé"",""Ponce"",""Karellos"",""Hypho"",""Megumi Hope"",""Ternion Sound"",""PAV4N"",""Strategy"",""Wraz."",""Snowy"",""Shumba Youth"",""Def3"",""Late Night Radio"",""Gadi Mitrani"",""Leo Del Toro"",""Ácido Pantera"",""La-33"",""Faris Lukovac"",""Misseggy"",""Kike Roldan"",""Makèz"",""Life on Planets"",""Walker & Royce"",""Alborosie"",""Mykal Rose"",""Groundation"",""Alpha Blondy"",""Nonpalidece"",""The Mighty Rootsmen"",""Toots & The Maytals"",""Gregory Isaacs"",""Orlas"",""Papa Michigan"",""General Smiley"",""Lule"",""Black Wolf Sound"",""Hannah Mae"",""Mikayli"",""Tokyo Machine"",""Saxsquatch"",""Half an Orange"",""Moon Hooch"",""Here Come The Mummies"",""Red Fox"",""Screechy Dan"",""Subatomic Sound System"",""Lee \""Scratch\"" Perry"",""Blakkamoore"",""Yaadcore"",""Jah9"",""Jack Johnson"",""Sister Nancy"",""JAEL"",""Janelle Monáe"",""Mystic Grizzly"",""Sunken Frequencies"",""Crow"",""Koja"",""The Free Label"",""Flara K"",""Aaron Paris"",""Maz"",""APACHE (FR)"",""MAXI MERAKI"",""Tabia"",""Zhana"",""Bekim"",""NO1-NOAH"",""NYCL KAI"",""Tahleek"",""Conducta"",""Sammy Virji"",""Krept & Konan"",""Tabitha"",""Jorja Smith"",""David Block"",""The Human Experience"",""HAPPIE"",""Reece Canyon"",""Dazegxd"",""Kaiyko"",""camoufly"",""FiFi Zhang"",""gum.mp3"",""Af1shawty"",""Bryan Ferry"",""Eric Duncan"",""Ali Love"",""Nicky Night Time"",""Breakbot"",""In Flagranti"",""ROLLOVER DJS"",""Flava D"",""Stush"",""aespa"",""Paige Eliza"",""DRS"",""My Nu Leng"",""Rigopolar"",""Futuristant"",""Disto Disco"",""The Floridians"",""Davy Wreck"",""G Jones"",""Eprom"",""Flume"",""SOPHIE"",""Shades"",""Alix Perez"",""Mulú"",""Letrux"",""Gaspar Muniz"",""BENO"",""Banana Gold"",""Paco Cabana"",""Camões"",""Lila"",""Marlon Funaki"",""Onhell"",""KARAN!"",""Visages"",""Polyrhythmics"",""Resonant Language"",""Mr. Bill"",""eliderp"",""Bogtrotter"",""SNACKTIME"",""Devon Gilfillian"",""Squeaky Feet"",""Tony Disco"",""Stephen Richards"",""Vithz"",""Emanuele Barilli"",""Peter LC"",""Reilab"",""Badger"",""Natasha Bedingfield"",""Julia Wolf"",""Dada Jones"",""nimino"",""INDI"",""Electric Kif"",""Mick Jenkins"",""Wrekonize"",""Phoenix James"",""Adam Deitch"",""Aaron Parks"",""Yellow Shoots"",""Gitkin"",""Assaf Spector"",""Third Culture (USA)"",""Hiroko Yamamura"",""Sian"",""Oysher"",""Andre Salmon"",""Isa(Eros)"",""Justin Cudmore"",""David LeSal"",""Submerge"",""Loose Goose"",""Gus Dapperton"",""Lumia"",""Rebirth Brass Band"",""Scientist"",""Sublime"",""Hempress Sativa""]","{""bass"":5.8,""chaos"":6.13,""pulse"":3.48,""space"":5.6,""swing"":6.35,""euphoria"":6.72,""intensity"":6.91}","{""dub"":0.047,""idm"":0.11,""bass"":0.112,""grime"":0.087,""house"":0.394,""glitch"":0.058,""riddim"":0.049,""techno"":0.063,""ambient"":0.029,""brostep"":0.028,""dubstep"":1,""nu-disco"":0.017,""trip-hop"":0.069,""downtempo"":0.044,""dream-pop"":0.085,""psytrance"":0.085,""uk-garage"":0.118,""deep-house"":0.022,""glitch-hop"":0.127,""liquid-dnb"":0.028,""tech-house"":0.034,""future-bass"":0.141,""future-funk"":0.03,""drum-and-bass"":0.078,""progressive-house"":0.015}",27.4248,-80.8247
168,Desert Hearts 2026,"Flagstaff, AZ",Massive,Outdoors,2026-06-11,"[""OMNOM"",""Marco Strous"",""Mary Droppinz"",""Sven Lochenhoer"",""Destructo"",""YG"",""Krafty Kuts"",""Mark Farina"",""Homero Espinosa"",""Murphy's Law (UK)"",""Kyle Walker"",""Ranger Trucco"",""Black Legend"",""Yves Eaux"",""Josh Butler"",""Kenn Colt"",""El Palma"",""RUZE"",""BYAS"",""Bob In Space"",""Ohm Collective"",""Phantoms"",""Jem Cooke"",""Reinier Zonneveld"",""Bloom Twins"",""Justin Martin"",""Galen"",""Garden City Movement"",""Sefi Zisling"",""OMRI."",""ellis"",""Gadjo"",""Tim Hox"",""Catz 'n Dogz"",""Nala"",""JSPHN"",""Cuezo World"",""Uberan Mino"",""M1NT"",""blnkspc_"",""Arthur Wills"",""Landau"",""Dip Treep"",""AKASHAH"",""coffey.tunes"",""DJ Minx"",""Prunk"",""Local Singles"",""James Bradshaw"",""Brooster"",""Vin Vega"",""Aaron Smith"",""Bridget Flowers"",""BARKER"",""Robert Hein"",""Akeep"",""Brendan Mills"",""Helang"",""Nick Monaco"",""TÂCHES"",""LION BABE"",""N2N"",""XKYLAR"",""The Sponges"",""SunSquabi"",""Avocado"",""Dave Dinger"",""MARIA Die RUHE"",""Andreas Henneberg"",""Kevin Knapp"",""MxNxSTxR"",""Gary Richards"",""Thundercat"",""Channel Tres"",""Hutchtastic"",""MNTRA"",""Baby Weight"",""Drew Dapps"",""Torren Foot"",""F.Physical"",""NOZU"",""Beth Lydi"",""Yamagucci"",""Saqib"",""Naayaab"",""Atish"",""Chesster"",""Intaktogene"",""Gina Turner"",""Sophiegrophy"",""Crooked Colours"",""Leon the Lover"",""Prok & Fitch"",""Mikey Lion"",""Desert Hearts"",""Saraya K"",""Nelly Furtado"",""Danner (US)"",""James Poole"",""Rodriguez Jr."",""Claude VonStroke"",""Claire George"",""Solar Kings"",""KOYENGA"",""TROJH"",""Nhii"",""A. Castro Ulloa"",""The Funk Hunters"",""Kotek"",""MAJ3K"",""SOSPACY""]","{""bass"":4.58,""chaos"":2.7,""pulse"":7.31,""space"":6.02,""swing"":5.98,""euphoria"":6.82,""intensity"":4.63}","{""bass"":0.13,""house"":1,""techno"":0.098,""dubstep"":0.26,""g-house"":0.083,""nu-disco"":0.035,""dream-pop"":0.024,""uk-garage"":0.024,""bass-house"":0.062,""deep-house"":0.252,""tech-house"":0.067,""funky-house"":0.125,""minimal-techno"":0.092,""progressive-house"":0.086}",35.1983,-111.6513
169,Governors Ball 2026,"Flagstaff, AZ",Massive,City,2026-06-11,"[""Stray Kids"",""A$AP Rocky"",""Imogen Heap"",""Clams Casino"",""Skepta"",""Rod Stewart"",""Miguel"",""Mark Ronson"",""Kali Uchis"",""KATSEYE"",""The Weeknd"",""JENNIE"",""Lily-Rose Depp"",""Lorde"",""Dominic Fike"",""Pierce The Veil"",""Kellin Quinn"",""Ravyn Lenae"",""Rex Orange County"",""Major Lazer"",""DJ Snake"",""MØ"",""Justin Bieber"",""Nyla"",""Fuse ODG"",""Mariah the Scientist"",""Baby Keem"",""Kendrick Lamar"",""Fred again.."",""Blood Orange"",""Caroline Polachek"",""Mustafa"",""Freddie Gibbs"",""The Alchemist"",""Anderson .Paak"",""Earl Sweatshirt"",""2hollis"",""Thee Sacred Souls"",""Snow Strippers"",""Lil Uzi Vert"",""Tyler, The Creator"",""Geese"",""Jade LeMac"",""Ian Asher"",""Clipse"",""Pharrell Williams"",""Pusha T"",""Malice"",""Wet Leg"",""Khamari"",""Wisp"",""Audrey Hobert"",""Del Water Gap"",""Hot Mulligan"",""Jane Remover"",""Spacey Jane"",""BETWEEN FRIENDS"",""flipturn"",""Rachel Chinouriri"",""sombr"",""Amyl and The Sniffers"",""Arcane"",""King Princess"",""Slayyyter"",""Japanese Breakfast"",""Holly Humberstone"",""Confidence Man"",""JADE"",""DJ Seinfeld"",""Chris Lake"",""Evening Elephants"",""Turnover"",""Absolutely"",""Amelia Moore"",""Coco Jones"",""Samara Cyn"",""Fcukers"",""The Dare"",""After"",""Chanpan"",""Lexa Gates"",""The Beths"",""Arcy Drive"",""flowerovlove"",""Midnight Generation"",""Old Mervs"",""Radio Free Alice"",""hemlocke springs"",""WHATMORE"",""Hannah Jadagu"",""The Backfires"",""VILLANELLE"",""JimmyBoy"",""Karol Wilson""]","{""bass"":4.39,""chaos"":4.18,""pulse"":5.02,""space"":6.88,""swing"":6.12,""euphoria"":7.41,""intensity"":5.28}","{""dub"":0.334,""bass"":0.111,""grime"":0.061,""house"":1,""techno"":0.125,""dubstep"":0.142,""hyperpop"":0.89,""downtempo"":0.111,""dream-pop"":0.89,""uk-garage"":0.074,""deep-house"":0.062,""lo-fi-house"":0.018,""witch-house"":0.334,""electro-house"":0.03,""progressive-house"":0.047}",40.7397,-81