id,name,slug,aliases,description,sonic_dna
03a2b57e-0faa-4628-b8c9-484cc6889151,Hypertechno,hypertechno,,"Emerged in the 2020s by mixing fast tempos, prominent basslines, and hard-hitting drums derived from popular Techno with simplistic, catchy melodies and vocals, often influenced by 2000s Hard Dance, Eurodance and Electropop.",
03d93180-1cb9-4c34-a0ea-bf0535970a82,Deathstep,deathstep,,"Darker, heavier form of Brostep that uses ""machine gun"" basses, atonal synths, and elements from genres like Death Metal and Metalcore.",
05ec2105-e48d-4964-8cd3-4c41428e9104,Space Ambient,space-ambient,,"Flowing and relaxing synthesizer-based music derived from Progressive Electronic, often oriented around imagery of outer space.",
0685bc59-44eb-484d-abb2-4883f3f34e0b,Broken Beat,broken-beat,,"Choppy, syncopated grooves and loose influence from 1970s Jazz-Funk, with eclectic roots spanning Drum and Bass, Deep House, Acid Jazz, and Afrobeat.",
06de0785-ecf9-4a7e-b31e-fc39930e7cb9,Electro Hop,electro-hop,,Emerged in the mid 2000s featuring upbeat rap verses and catchy hooks over four-on-the-floor Electropop and Electro House-inspired production.,
094f9e2c-36fc-428b-a198-a8235825698c,Bubblegum Bass,bubblegum-bass,,"Originated in the early 2010s, exaggerating the cutest and most feminine parts of 2000s Pop and combining them with bouncy, plastic synths over rhythms and sounds derived from a variety of contemporary club styles.",
09c6cacb-e2ae-480f-b6bf-12da699985f0,Jersey Club,jersey-club,,"Emerged in Newark in the late 2000s; features fast tempos, hard kicks, and less prominent breakbeats.",
0a3fd7ed-0fb5-49c2-9c58-6600dedff133,Digital Cumbia,digital-cumbia,,"Mixes an Electronic sound into traditional Cumbia through influences from House, Dancehall, Hyphy, and Dubstep.",
0ad7f88b-140a-4bfc-9cd3-cbf1a4eb7e91,Acid House,acid-house,,"Emerged in the mid-1980s, characterised by repetitive basslines created with the distinctive modulated ""squelching"" sound of the Roland TB-303 synthesiser.",
0d52be1b-8944-4325-944b-2186fc6d938b,Balearic Beat,balearic-beat,,"Variety of relaxed, laid-back music that originates from the Balearic Islands off the coast of Spain, and particularly the club scene in Ibiza.",
0d5ea531-4fa6-413f-b912-22c90b52d4ff,Comfy Synth,comfy-synth,,"Calm, peaceful and soothing sounds, as well as nostalgic, sentimental, or childish atmospheres and aesthetics; often incorporates wholesome themes while utilizing lo-fi or hazy recordings and influences from New Age.",
1001ee27-f98a-471a-b686-2699fc89cdeb,Glitch Pop,glitch-pop,,Incorporates elements of more experimental Electronic styles like IDM and Glitch.,
149f283a-2678-49a6-b402-0c765244efcc,Post-Dubstep,post-dubstep,,"Minimalistic, atmospheric sound design and eclectic drum patterns, derived from but not fitting Dubstep.",
14e051c1-d915-4959-a8e2-bdf598215379,Big Room House,big-room-house,,"Energetic, festival-oriented style characterized by heavy reverb, intense build-ups, strong kicks, minimalistic drop melodies, and sparse, raw breakdowns.",
1593a819-22e9-4441-9490-607aaaaa89f4,Moombahcore,moombahcore,,"High-pitched synth leads, gritty percussion, a kick-snare pattern, aggressive bass drops, and around 110 BPM while often paralleling Complextro or Brostep.",
164b9dee-b0bf-4e35-b130-d983d4fb75db,Psytrance,psytrance,,Emphasizes a psychedelic feel and an energetic sound; based around influences from Goa Trance and Acid Trance.,
1941db1a-2017-417f-a4b3-89b95a34d19b,Neurofunk,neurofunk,,"Focuses on technical songwriting with warped, complex bass sounds, distorted and modulated synths (often with repeated stabs over the basslines), and dark but clean production.",
19e2d10d-018d-4f8f-a893-06ecaae5778d,Ghetto Funk,ghetto-funk,,"Rich sampling, drawing from classic Hip Hop as well as from Funk and Soul, and strong midtempo break grooves.",
1a4f2a3d-47d5-4ef5-9dc3-959a1bb2a290,Downtempo,downtempo,,Atmospheric and groove-based with relaxed tempos and mellow beats.,
1a54c91c-ed96-477b-aac9-af52e51ba222,Vaportrap,vaportrap,,"Incorporates a blend of Trap percussion set to the re-utilization of old samples, such as 1990s pop culture or old computer library sounds.",
1cc202af-81fd-4734-9ae8-01289d2b4ed2,Funk mandelão,funk-mandelão,,"Simple lyricism, raw and minimalistic production, and distinct drops with bursting bass.",
1cc32893-d52a-4806-b984-888f5215fcee,Bassline,bassline,,Strong emphasis on intricate basslines as well as four-on-the-floor beat patterns.,
1e0a08ff-3a25-4b31-87d9-bb73e918a00f,2-Step,2-step,,"Originating in London and popular in the late 1990s; jittery, shuffling rhythms rarely following a four-on-the-floor pattern.",
1e5f0551-3603-4675-92bf-87d03a20d7bd,Hard Techno,hard-techno,,"Typically rave-oriented form characterized by hard, prominent kick drums, pounding rhythms, fast tempos around 140-160 BPM, and aggressive, often distorted sounds.",
1eda0a96-55f0-42b5-9f3d-9f1011d74cea,Spacesynth,spacesynth,,"Highly melodic, often instrumental futuristic strain, formed under the heavy influence of Space Disco, Progressive Electronic and, later, early Eurobeat.",
1f0b7cc5-e1c4-44c1-8f51-f7840755a822,Futurepop,futurepop,,"Derivative of EBM, retaining its apocalyptic worldview but incorporating heavy influence from the melodic style of Synthpop.",
21160d66-50dd-4ab7-b238-4536f7e31d20,Singeli,singeli,,"Developed in Tanzania in the mid-2000s; fuses incredibly rapid beats, usually between 180-300BPM, with MCing and musical influences from older Tanzanian genres.",
21f53603-6244-4cd0-ad2a-30f85376990d,Trip Hop,trip-hop,,"Evokes a surreal, trippy, dreamy, and sometimes dark atmosphere with offbeat turntable scratches, light vocal melodies, and Hip Hop-influenced beats.",
22f577dc-1a3f-49f5-9f43-eb24eaaa7ac9,Ambient Dub,ambient-dub,,"Takes cues from Ambient and Dub reggae, featuring the atmosphere of the former and the Jamaican-style basslines, percussion, and psychedelic production techniques of the latter.",
23dff9fd-360a-4db9-9f5a-1ca6f48d597c,Ghettotech,ghettotech,,Fuses the syncopation and synthesized sounds of Electro and Detroit Techno with the cut-up samples of Ghetto House and fast rhythms of Miami Bass.,
2494bbce-a2e0-44bf-a629-93bd0dbccf6c,Chicago House,chicago-house,,Umbrella term for a broad variety of House that originated from Chicago in the (mostly mid-to-late) 1980s and early 90s.,
25dfbe3c-ffe8-469e-aab6-760423859066,Full-On Psytrance,full-on-psytrance,,"Faster and more intense, usually set around 145-150 BPM and featuring harder rolling basslines, vocal samples and ""spacey"" effects.",
262cecd0-4dcb-466d-a5dd-1ab33eaf5b66,Hardtek,hardtek,,"Modern version of the ""tribecore"" sound featuring deep alternating basses and festival EDM-influenced drops.",
28413645-71c7-4c40-9355-fe113774177e,Hip House,hip-house,,Incorporates production elements of early Hip Hop and usually rapping into 1980s House.,
28b0de1e-7624-4b59-b0cb-310d246aa40a,Happy Hardcore,happy-hardcore,,"Emerged in the 1990s from the UK Breakbeat Hardcore scene; characterized by saccharine vocals, uplifting piano riffs and spacey effects, gradually developing to emphasize extremely fast-paced four-on-the-floor beats.",
2f12960c-4eb6-41e9-bf02-e3308b419257,Dubstep,dubstep,,Half-time syncopated and sparse beats set around 140 BPM with heavy sub-basses; emerged in South London in the early 2000s.,
2f4df129-bd6d-4135-875b-9a34f0400310,Speedcore,speedcore,,"Exceedingly fast tempos, frequently above 300 BPM, and often aggressive themes and samples.",
2f754a9a-7ac8-46fe-b943-be52aa23c7e7,Flex Dance Music,flex-dance-music,,Largely instrumental; infused with Electronic Dance Music elements.,
31620290-78d2-483d-ab19-1d8c105183da,Bitpop,bitpop,,"Fuses Bit Music with additional synths, beats, guitars and modern production values, emphasizing highly catchy melodies and relatively fast tempos.",
31d7704b-cd95-4242-aa55-e7ad05c0a45c,Synthwave,synthwave,,"Rooted in 1980s synth music, characterized by large, throbbing ""retro"" synths and visual elements, often features upbeat percussion and/or epic, cinematic atmospheres.",
32bae34d-3741-4676-a6b8-4b7d8751a6a5,Liquid Riddim,liquid-riddim,,"Distinct for its atmospheric production, overpowering ambience, watery synths, and melodic bass patterns.",
33f67168-2191-41d3-8acc-45892150e410,Melodic Dubstep,melodic-dubstep,,"Melodious, tuneful drops, rich, lush synth leads, powerful stretched chords, and light and harmonious sound design.",
3462db85-11f3-4ff2-b499-358a10b80051,Gospel House,gospel-house,,"Incorporates heavy Gospel elements and singing borrowed from classic and contemporary gospel, usually in the form of choir vocals and call-and-response chants.",
34948ea2-649b-4d89-9ce7-1e53afe4b1a1,Riddim,riddim,,"Repetitive and relatively simplistic style inspired by mid-to-late-2000s UK Dubstep, often using robotic and/or squishy sound design along with bouncy square basses and less prominent buildups.",
36cb7d4c-7323-4189-963e-e1e67234b339,Hi-NRG,hi-nrg,,"Emerged in the late 1970s and quickly became the most popular form of Electronic Dance Music in the LGBT club scenes of San Francisco and New York, characterized by its uptempo, high-energy sound.",
36d73ff1-f774-4bfa-b90b-927f868e6dd5,Minimal Drum and Bass,minimal-drum-and-bass,,"Minimalist, sparse sound; emerged in two main 2000s strains, one Dubstep-inspired and one IDM-inspired, which crossed paths in the 2010s.",
39f70134-42e0-4fc2-a6c8-a6a174e7ef3a,Electro-Industrial,electro-industrial,,Formed in the late 1980s and early 1990s; grew out of a combination of EBM and Industrial.,
3a131c15-7083-4c3b-8175-7d8dd80a9092,Big Room Trance,big-room-trance,,"Incorporates production features associated with Big Room House and dirty, distorted leads influenced by Electro House, Dutch House and Hardstyle.",
3a2eb6e8-1cea-4276-9bfa-f9799a43ca3d,Belgian Techno,belgian-techno,,"Early form of Hardcore, resulting from the further evolution of New Beat due to the strong influence of Techno and EBM.",
3b45275e-7eb9-45ca-98dc-40ea6c4acd79,Breakstep,breakstep,,"Hard-hitting Breakbeat rhythms and heavy, rolling basslines.",
3b6f4186-3226-4920-b51a-0997786c0308,Moombahton,moombahton,,"Offshoot of Dutch House characterized by tempos in the 100-110 BPM range, Reggaetón-influenced rhythms, bass-heavy kicks and high-pitched synths.",
3bd491cf-a337-4c70-bbc8-fc8919030c18,Psystyle,psystyle,,"Prominent Psytrance influences, especially the basslines and energy of mainstream psytrance.",
3c0a3ecc-3059-47fa-aeeb-73241c421a57,Hard Trap,hard-trap,,Often abrasive subgenre of Trap with heavy influence from Hardstyle.,
3e0299e5-b5cd-472b-83e1-0300cf9fc219,Space Disco,space-disco,,"Emerged in Europe in the mid-to-late 1970s, characterized by layers of oscillating synth, space-oriented sound effects, and a futuristic sound inspired by contemporary sci-fi media.",
3e55bfb7-8948-45e5-bdb0-512d7aad825f,Nu-Disco,nu-disco,,"21st-century trend mixing modern, polished Electronic production with the aesthetics, structures, and lively, organic beats of 1970s and 1980s Disco.",
3ecd591c-8bfd-4b15-a273-01955762ba2f,Euro Trance,euro-trance,,"Emerged as a fusion with Eurodance, features fast tempos, more accessible grooves and structures, and simple, catchy melodies with vocals and saw synth leads.",
3f13f807-923d-42a8-a125-b564750d2e13,Ballroom,ballroom,,"Emerging from the predominantly Black and LGBT Harlem ballroom culture, it is characterized by hard-hitting rhythms, generally improvised chanting by MCs known as commentators, and a distinctive crash sample.",
3f44ff6b-6f40-44df-9ebb-057bf92cca5e,Phonk,phonk,,"Merges Funk automotivo's rhythms, vocals, and energy, with the energetic and nocturnal production typical of the Drift Phonk scene, and Phonk House.",
3f4689ab-cc84-4316-88d6-4c476267c16a,Aggrotech,aggrotech,,Merges aggressive-sounding synths and apocalyptic atmospheres with harsh 4/4 beats and fast tempos.,
4131c2e5-e671-44d2-b2a1-db0ca5ac36c8,Afro House,afro-house,,"Emerged by fusing Deep House with Southern African Music, characterized by hypnotizing drum patterns of shakers and congas, often sampled African vocals or soulful original features, and spiritual, organic, melodic atmosphere.",
4189fd8d-d258-420d-8c98-487c3b254450,East Coast Club,east-coast-club,,Group of club styles from the US East Coast that combines Miami Bass rhythms with influence from Breakbeat and Ghetto House.,
41fa7647-dd7d-478c-b968-46b30af813bd,Hardcore Breaks,hardcore-breaks,,"Revival of Breakbeat Hardcore which emerged in the 2000s, bringing in modern influences and production techniques.",
422f554e-3c72-4df4-beee-ec9079ea0f45,Tech Trance,tech-trance,,"Late 1990s-emerging subgenre characterized by energetic percussion with loud kicks, filtered hi-hats and tribal drums; side-chained, detuned and repetitive leads, as well as other raw, distorted, and complex sounds influenced by Techno, Hard Trance and Electro House.",
4370cd97-b2e2-4a37-89b9-c8bb9fc77efd,Future Riddim,future-riddim,,"Melodic and futuristic style inspired by Future Bass, and to a lesser extent Colour Bass and Melodic Dubstep.",
44826a01-5acb-42e2-aa33-f51cd4ce9dfb,UK Jackin',uk-jackin,,"Successor to British Bassline, characterized by strong basslines, dark atmospheres, and dominant grooves.",
453c7bdb-0c97-4cb4-87db-aa3c768bb6fe,Gqom,gqom,,"Evolved from South African House, specifically Kwaito; often described as a more minimal and raw version.",
4689b2ab-7fec-4671-a583-2a9c0f895da6,Drumstep,drumstep,,"Dancefloor-friendly, loud, and heavy combination of the drum programming and tempo of Jump-Up with the half-time rhythm and midrange LFO wobble of Brostep.",
46b72f18-2fea-4c2e-a90f-a57347f3103a,Lento violento,lento-violento,,"Features a ""slow and violent"" sound between 70-120 BPM with hard kicks inspired by Hardcore and Hardstyle.",
4881ed68-2cbc-4df6-817f-b46738c98757,Diva House,diva-house,,"Dominant, anthemic female vocals, common use of piano stabs, and energetic, driving four-on-the-floor rhythms.",
48ad231e-21d9-4e71-80d3-b1d7b2bcf02a,Peak Time Techno,peak-time-techno,,"Hard, dynamic, energetic and accessible subgenre featuring strong kicks, massive dirty synths, tempos around 130 BPM, more suspenseful structures with breaks and build-ups, and big, modern, festival-oriented sound; rose to high popularity in the late 2010s.",
4a02be73-e3eb-486a-a43c-b987152503c1,Progressive House,progressive-house,,"Trance-influenced strain of House that grew to prominence in the early 1990s, using polished production and gradual progressions.",
4bc210c1-f362-4c1d-8cb8-fae9822cf341,Glitch,glitch,,"Uses abstract sound design and malfunctioning electronics—CD skips, data corruption, and hardware noise—as main compositional elements.",
4c085b54-a3db-4fd3-9351-bb5572b42db4,Future House,future-house,,Features distinctive metallic-sounding drops and frequency-modulated basslines at around 120-130 BPM.,
4d329b83-955e-4711-9ef8-73c2507c9051,Folktronica,folktronica,,Combines sound design techniques from IDM and Glitch with acoustic instrumentation inspired by Contemporary Folk.,
4f4a87e5-9fc2-4660-a62e-035b54b05c51,Dubwise Drum and Bass,dubwise-drum-and-bass,,"Implementing Reggae and Dub influences, usually vocal dubs, delay effects, and reggae instrumentation, with the clean production and rhythms of post-2000s styles.",
4fc0983e-bf30-4b7a-be8f-8d6611d4c51f,West Coast Breaks,west-coast-breaks,,"Combines the earlier breakbeats of Hip Hop and early Breakbeat or even Miami Bass, with various 1990s Electronic Dance Music genres like Trance and Techno.",
50bd419e-f6c6-47db-a3d1-4e2b44bde06b,Future Bass,future-bass,,"Woozy, detuned synthesizers, 7th chords, harsh basslines, syncopated percussion with fast-paced hi-hats and a melodic, carefree atmosphere.",
5233ce33-7922-45bc-9e70-8beb1825fdde,Hardstyle,hardstyle,,"Hard, four-on-the-floor kick drums, fast tempo around 150 BPM, reverse bass and harsh, distorted synths.",
523e9f27-b81f-4714-961d-2fa579ecede0,Artcore,artcore,"[""Atmospheric Drum and Bass""]",Combines an eclectic mix of Electronic Dance Music genres with the instrumentation and melodic stylings of genres like Cinematic Classical for a maximalist and emotional sound.,
52e7e208-8277-4b53-9977-d2edf9db39cc,Electro Swing,electro-swing,,"Upbeat, energetic style that splices Swing with Electronic Dance Music, looking to recapture the atmosphere of late 1920s to mid-1940s Jazz within a more updated club-friendly medium.",
54db7b18-9c6a-4612-961d-967c751df2d2,Juke,juke,,"Faster than Ghetto House, playing at 160bpm, and makes striking use of unconventional drum patterns which differ wildly from other House styles.",
5869bbcc-16bc-481e-8e93-767e41afeb72,House,house,,"Generally features a four-on-the-floor beat within 110-140 BPM, a groove built on swing and syncopation, synthesized basslines, repetitive melodic elements, and an upbeat mood.",
59497007-bb8d-43e3-992e-6f315d887f3b,Weightless,weightless,,"Typically instrumental, leftfield Grime style characterized by sparse, ""weightless"" percussion and spectral, atmospheric production.",
598068d9-63ba-4307-b20f-a5457672e148,Frenchcore,frenchcore,,"Off-beat, bouncy rhythmic patterns and tempos around the 200 BPM range.",
5a899010-0b1d-4cb8-8abb-e0e0bc9eed35,Amapiano,amapiano,,"House from South Africa deriving from previous popular genres including Gqom, Kwaito, and Deep House.",
5af19c11-afd6-44e1-9faf-819ca8e4a849,Briddim,briddim,,Combining the kick-clap rhythms and syncopation of Riddim with Brostep sound design.,
5b42b7f0-bf67-4c26-8062-0e7380b567d9,Hyperpop,hyperpop,,"Developed and took inspiration from Bubblegum Bass and popular 2000s-2010s Electropop, characterized by eclectic, unconventional, mechanical-sounding and dense production; and by manipulated, usually auto-tuned vocals.",
5ba54f3e-5f55-4152-8fa4-2f0f54d0f769,Berlin School,berlin-school,,"Atmospheric, multi-layered synthesizer textures; pioneered in Berlin in the 1970s as an offshoot to the Krautrock movement.",
5c5d26e1-3177-4663-8d9d-3309b4836d52,Uptempo Hardcore,uptempo-hardcore,,"Utilizes lo-fi production, harsh kicks, and elements borrowed from Rawstyle and other gritty Hardcore styles while usually sitting at around 185-220 BPM.",
5cc4a716-ffbc-4640-a5ca-c3d4b367827d,Synthpop,synthpop,,"Led by melodic synthesizer sounds, often with reverberating drum machine patterns; commonly associated with the 1980s.",
5db96e38-930e-490e-93d6-78917a1f15bd,Gabber,gabber,,"Fast-paced and energetic, often in the 160-220 BPM range, with a hallmark of a distinctive distorted kick sound.",
5e2ce490-7ce3-4423-b274-103457632c15,Italo Dance,italo-dance,,"Appeared in the 1990s after the decline of Italo-Disco, featuring rhythmic influence from that genre.",
5e9f1db9-6279-4b2e-88f9-d488570bc7ed,Deconstructed Club,deconstructed-club,,Emerged in the 2010s as the hybridization of diverse Electronic Dance Music genres with an abrasive Post-Industrial sound.,
5ed0cdfe-8d97-4859-b25e-3be818d8732a,Tearout,tearout,,"Emerged in the late 2000s, characterized by a gritty, aggressive sound and closely affiliated with early, deep Dubstep.",
5f19f8c9-a5b3-45ad-81db-1204dc7b244f,Purple Sound,purple-sound,,"Emerged in the late 2000s out of the Dubstep scene of the time, incorporating synth leads and basslines inspired by 1980s Synth Funk and 1990s G-Funk, and Video Game Music, into a rhythmic palette mostly derived from dubstep and Grime.",
61b41ae1-1f0e-4e29-a2e7-74246b7ed05c,Rawphoric,rawphoric,,Combines raw harsh kicks with the uplifting melodies of Euphoric Hardstyle.,
669535b7-8dbb-4903-8735-569af2aaeed4,Tribal Guarachero,tribal-guarachero,,"Features percussion from Cumbia and Mexican Folk Music with upbeat Electro House-derived production and fast, triplet-oriented rhythmic patterns.",
676185f1-6820-41fc-bc0b-64c60ea397be,Uplifting Trance,uplifting-trance,,"Euphoric melodies, buildup-breakdown-anthem structures, common usage of supersaws, and a BPM range of usually around 135-142.",
67621458-f0ed-48d4-9eeb-d9518a34b368,Progressive Psytrance,progressive-psytrance,,"Emerged in the early 2000s, featuring a slow tempo range and clean production.",
680b8618-cbab-45eb-85c8-27005374f464,Jumpstyle,jumpstyle,,"Features a heavy 909 kick drum, four-on-the-floor beat, and a tempo between 140 and 150 BPM.",
6848f96d-1f62-41d1-9637-f4abee4d20f4,G-House,g-house,,"Deep, dark form of House music that primarily incorporates rap samples or original rapping on top of minimal, bassy beats.",
69759e9d-765a-437a-b192-2e0c9e0ded87,Jungle,jungle,,"Developed in the early 1990s from Breakbeat Hardcore, featuring rapid, chaotic-sounding breakbeats and strong basslines; known as the forerunner of most Drum and Bass styles.",
6a23b6bf-5a27-4474-8ea2-b9c77cbf49dc,Dubstyle,dubstyle,,Characterized by the incorporation of the half-time rhythms and wobbly basslines of Dubstep.,
6b35b844-d274-4b8a-a57b-69f850535983,Microhouse,microhouse,,"Stripped-down, minimal form of House, originating in the late 90s, which takes influence from Minimal Techno, Glitch and IDM.",
6bde25ab-ed70-4a14-9a24-7e3f5065cd2e,Nightcore,nightcore,,Based around the technique of speeding and pitching up pre-existing songs.,
6cd6b9b7-7bd5-438a-a7b1-821b968a5a2d,Electro,electro,,"Syncopated rhythms programmed on the Roland TR-808 drum machine, often resembling Funk breaks, along with simple funky basslines.",
6d704da5-8413-44a6-bfcf-32e6bb0b5398,Indietronica,indietronica,,"Leftfield or DIY approach characterised by simpler Pop-informed melodies, often incorporating vocals or live instrumentation alongside Electronic production.",
6d7baddd-5351-4422-9faf-da812cc7e440,Ritmada,ritmada,,"Short, repetitive and resonant beats with more danceable, immersive grooves drawn out of Afro-Brazilian instrumentation, a cleaner, more radio-friendly sound and greater focus on lyrics.",
6deaba71-ef5d-4020-9b5d-15a7ee508ab9,Dub Techno,dub-techno,,Fuses elements of Minimal Techno with characteristics of Dub.,
718d3f10-33aa-47b5-8689-5c92835e9128,Trancestep,trancestep,,"Combination of Trance melodies and structure with the breakbeats, fast tempos, and rolling basslines of Drum and Bass.",
71920398-ec4e-44cf-8ce0-b4184bfa2d27,Hands Up,hands-up,,"Prominent, melodic supersaw leads, Dance-Pop derived hooks, and a strong reliance on sidechained basslines and hard, powerful drums.",
720ff73e-67f9-45a0-8fd2-eaa0e0cd9631,Tech House,tech-house,,"Emerged in the mid-1990s taking influences from Techno, broadly characterized by minimalistic and repetitive melodies, focus on the bassline, and constant groove recognizable by prominent off-beat hi-hats.",
733f8210-6bcf-462d-b4a7-aca2b3717635,Vaporwave,vaporwave,,"Sample-based, involves heavily synthesized and processed manipulation of corporate mood and background (elevator) music; though source material can also include genres such as Pop, Contemporary R&B, and Synth Funk.",
74433810-8ec5-4dfc-a0ea-db3bd1424944,Bubbling,bubbling,,"Originating in the Netherlands in the late 1980s, fusing sped-up Dancehall with Dutch Antillean music and contemporary Dutch rave.",
75082278-3409-409d-8835-840818c114b9,Acid Techno,acid-techno,,"Incorporates ""squelching"" synths from Acid House into a mechanical and usually more energetic Techno context.",
750b52aa-3cd4-4e81-95b9-6eb5b32ea5a5,Freeform Hardcore,freeform-hardcore,,"Emerged in the mid-1990s, combining fast and hard-hitting rhythms with heavy influence from the synthesizers of Trance.",
75564cc4-10d3-47ea-8d37-42eece7f8216,Italo House,italo-house,,"Originated in Italy during the late 1980s, making use of anthemic pianos, diva vocals, and Dance-Pop song structures.",
75684169-dd01-4ac4-9faf-7909e8187750,Twerk,twerk,,Fast-paced; draws influence from Bounce and Miami Bass.,
759beb01-a610-4be3-afd7-1e326d216753,Future Garage,future-garage,,"Combines the rhythms of late 1990s and early 2000s 2-Step with novel moods and production approaches, commonly featuring jittery, broken rhythms, vocal chops, and warm synth pads and plucks.",
774102d8-759c-4353-853c-c22790542e08,Forest Psytrance,forest-psytrance,,Mimicks the ambience of a forest by using swarming and teeming effects as well as natural samples; features straightforward song structures.,
7926c11d-3ec9-41e4-ad77-e2cae4ad77a7,Freestyle,freestyle,,"Electro-influenced; developed in Latino communities in New York and Miami in the 1980s, especially dominated by Latin Freestyle and its Latin influences.",
79b9d82c-10d8-470b-8463-67ebd5b028d8,Florida Breaks,florida-breaks,,"Developed during the mid-1990s, combining major influences of Hip Hop derivatives such as Miami Bass and Electro along with elements of 1990s Electronic Dance Music genres like House or Techno.",
7a6a2ef5-810f-48af-9eac-6a5ea900f5e1,Hardbag,hardbag,,"Development of handbag / Diva House characterized by heavier, hard hitting percussion, more pronounced rave and early Hard Dance elements, and fewer vocals.",
7ae0c429-5cbd-4d7e-ae42-28e450dfc1f6,Melodic Techno,melodic-techno,,"Trance-influenced subgenre that was established in the mid-to-late 2010s, characterized by gradually progressing structure, and hypnotizing, atmospheric sound with arpeggiated, minor melodies, playing at around 120-125 BPM.",
7bb59bb3-266a-4e6b-96e5-d2c48a3e4147,Latin Electronic,latin-electronic,,Combines Electronic with Latin American influences; started at the end of the 1990s.,
7bc15b67-cf93-44cc-8a32-3015e5d08cd0,Breakbeat Hardcore,breakbeat-hardcore,,"Originated from the combination of sampled breakbeats and energetic rhythms with the ""rave"" influences set by early-1990s Techno and Acid House, including upbeat ""stab"" riffing and sample-based production.",
7cdbbfb0-2606-41c0-8df0-468e6107cb88,Doomcore,doomcore,,"Often somber and contemplative in mood, a feature achieved by the common use of long-stretched ambient pads, and sometimes even samples of screaming and other ""spooky"" sounds.",
7d25de7a-57f2-447f-b451-d85ff35a1435,Lo-Fi House,lo-fi-house,,"Primarily distinguished from earlier styles of outsider house by its stricter reliance on deep house elements, cranky, nocturnal, and nostalgic atmospheres, and a distinct dreamy, lo-fi aesthetic.",
7d325987-7db1-4474-bf8b-6f83243a050d,Kuduro,kuduro,,Angolan music combining traditional Kilapanga and Semba with Techno and House.,
7e0e7a11-e703-4635-b678-d6efd55be02d,Halftime,halftime,,"Offshoot of Drum and Bass (mainly Neurofunk) characterized by off-kilter rhythms playing at around 80-85 BPM (half of normal DnB pace), influenced by Dubstep, Wonky, Trap, and Hip Hop.",
810d902a-aa34-4dee-b262-845dc56cb02c,Beat bruxaria,beat-bruxaria,,"São Paulo-originated Funk brasileiro with aggressive, distorted and high-pitched beats featuring minimalistic percussion and diversified sampling.",
8133399c-9322-437a-90ff-18feef9f02ee,Hybrid Trap,hybrid-trap,,"Blending Trap's typical percussion and sub-basses with major influences from heavy bass music genres, and in particular, metallic, gritty, and off-kilter sound design, originally derived from Brostep.",
84265cad-c387-430b-b425-ab8297e0fbbc,Raggatek,raggatek,,"Influenced by Reggae, Ragga and Dancehall, combining half-time instrumental sections with Hardtek's fast four-on-the-floor rhythms, as well as vocal samples, clean basslines and skank rhythms.",
843c6133-bcf3-4ca8-9ef3-20684f863ac5,Industrial Techno,industrial-techno,,"Harder, darker style of Techno which draws parallels with factories and the rhythm of machinery.",
8490fb9a-ffea-49a2-bd54-af6a51485547,Electro latino,electro-latino,,"Mixes elements of Merengue and Reggaetón with polished production from mainstream House subgenres; often shares traits with Latin Pop, having anthemic melodies and verse-chorus structures.",
84e5e7c6-052f-4570-9cda-1af23d12a988,Darkside,darkside,,Dark atmosphere and fast rhythms; served as a forerunner of Drum and Bass.,
8593115d-39ba-4366-b0b4-0e21d3fe0185,Funkot,funkot,,Fast-paced Indonesian form of Electronic Dance Music that combines Eurodance and Trance synths with the syncopated rhythm from Dangdut koplo.,
86407ac6-5469-4dac-a300-4e17d36c92dc,Ibiza Trance,ibiza-trance,,"Builds on the relaxing island atmosphere of Balearic Beat, though with a slightly faster tempo of around 130 BPM.",
86bf60b3-dd88-4c97-bffa-a252b10c2ade,Darkstep,darkstep,,"Hard, uptempo and uses heavy breakbeats, Post-Industrial-influenced sound design, and horror movie samples to create a sinister, claustrophobic atmosphere.",
871fc419-d77c-4822-8d17-6a162da366de,Barber Beats,barber-beats,,"Borrows elements from Downtempo, Trip Hop, and Instrumental Hip Hop; emulates 1990s and 2000s Chillout music.",
8924d9a0-d786-41c2-b773-81e4516515cf,Complextro,complextro,,"Features densely-layered sound design, fast-paced cut-up sections, aggressive stabs, and common crossover with Brostep and Fidget House.",
8ace809d-12b8-4121-8ded-25ddf5686a0e,Euro House,euro-house,,"Vocal-focused style emerging in the late 1980s in Europe, developing in parallel with Eurodance.",
8bbd0906-d787-43d8-afc4-1ba10982e04a,UK Hardcore,uk-hardcore,,"Four-on-the-floor beat around 175 BPM, thick, prominent basslines, and uplifting synth leads, with a cleaner and more accessible sound than other forms of Hardcore.",
8c113268-1fda-4a76-983d-1ea64b2aad4d,Eurodance,eurodance,,"Takes elements of Euro-Disco, House, Techno, and Hi-NRG while featuring on-beat kick, hi-hat and snare sounds at around 110 to 150 bpm.",
8f6c13e9-7dd4-4923-af81-3aae80e1dd1c,Euphoric Hardstyle,euphoric-hardstyle,,"Melodic, more lighthearted, and accessible Hardstyle.",
8fc3ae04-6a3b-4524-9bf7-3979917d8851,Horror Synth,horror-synth,,"Combines eerie and haunting synth pads and sharp, abrasive sounds to create atmospheres that accentuated the dark, unnerving, violent, or ghostly themes of horror films.",
8fc957ff-2a8b-4086-b3cd-9aec60397f8d,Terrorcore,terrorcore,,Utilizes rhythms from earlier Gabber with a faster BPM (usually no more than 300) and darker approach.,
91278056-37e8-4bb4-9fdf-1cc69a29c34c,Electro House,electro-house,,"Warm analog basslines, punchy percussion, crisp high-pitched synthesizer leads, and clipped vocal samples.",
92ae3d63-32d5-421d-b391-7716698a656c,Hardgroove Techno,hardgroove-techno,,Features shuffling grooves with heavy emphasis on layered percussive elements; often includes a mix of samples and drum machines played at a range of 135-140 BPM.,
92b74081-09d7-4521-8b57-7d9bea538fef,Bubblegum Dance,bubblegum-dance,,"Playful, childlike style with a Bubblegum-like atmosphere that often incorporates high-pitched, light-hearted, and usually female-fronted vocals.",
92ddc586-bc00-4703-9f62-bf357bf941f6,Dutch House,dutch-house,,High-pitched wonky synth melodies and heavy influence from Fidget House which developed in the Netherlands around 2007-08.,
93805d07-c6f2-4c5c-8d68-a65a1b51565f,EBM,ebm,,Melodic and dancefloor-friendly take on Post-Industrial music that developed in the early 1980s.,
94d33a18-6bf2-47c9-a777-9c99a1b099f7,Electro-Disco,electro-disco,,Disco instrumentation is largely - if not entirely - replaced by synthesizers and augmented with futuristic elements such as the vocoder.,
9558b462-bb35-42bf-9c2c-2deb519bee55,Chiptune,chiptune,,"Used primarily in the 1980s within the context of 8-bit Video Game Music, combining simple synthesized waveforms and noise in a compositionally limited but overtly melodic style.",
95647f3c-a891-431b-b486-0b27781c3835,Ambient House,ambient-house,,"Primarily British genre developed in the 1990s with beats, synthesizers, and vocals in styles similar to House, treated with effects that are often described as ""dream-like"" or ""chilled out"".",
95a72deb-6c7b-466a-9793-5fefa6344d67,Rawstyle,rawstyle,,"Incorporates earlier Hardstyle and Hardcore influences into the sound of 2010s hardstyle, creating a distinctly harsh, simplistic, raw, and dark sound, with fast BPM.",
95b16ce1-ae53-4f78-84f7-68a3a6fa5eef,Goa Trance,goa-trance,,"Forerunner of Psytrance styles that emerged in the early 1990s, distinguished by old-school, organic sound with rapid, oriental-inspired melodies.",
95f2e5a1-e52e-40ce-88d9-22eedae7af8f,Tribal House,tribal-house,,"Prominent, syncopated rhythms of tribal drums such as toms and bongos on top of a House beat, usually resulting in a percussive, energetic sound, while ranging in mood.",
96b6d3a4-92fe-40aa-affb-8965333cc9bb,Philly Club,philly-club,,Builds on Baltimore Club with a faster tempo and sometimes influences from more modern genres like Trap.,
96e07153-b86c-4b6e-adc4-5473eaf9d75d,Psybient,psybient,,Heavy influence from Psytrance and Goa Trance incorporated in an atmospheric Ambient context.,
9838a026-9a6d-454d-9cab-9aaa339e2dc5,Minimal Wave,minimal-wave,,"Retrospective term for more Electronic and minimal forms of New Wave, Post-Punk, Synthpop, and related styles, tending towards a more sparse and lo-fi sound.",
988679f6-9b26-44f4-beec-fc30e32370b1,Bleep Techno,bleep-techno,,"Established in the late 1980s in the breakdancing and early rave scene of Yorkshire in the North of England, notable for its ""bleepy"" synth lines and heavy sub-bass.",
9899a2fb-bfbb-4117-859e-aba5b01c526b,Ragga Jungle,ragga-jungle,,"Developed in the early 1990s in London, combining Jungle breakbeats with heavy influence from Ragga.",
98d5c221-1b12-44a2-9c81-d77c91ca1310,Hardstep,hardstep,,"Very compressed and sparse drumming, extensive use of kick drums and gritty, minimalistic production style with emphasis on simple, deep, modulated bass patterns.",
99644742-476f-4f63-8236-b40027193c28,Tropical House,tropical-house,,"Offshoot of Deep House featuring slow tempos around 100-115 BPM, light percussion and acoustic instrumentation, setting out to create a relaxed, summery, beach-like atmosphere.",
99b917be-7fbe-43cb-918f-05055164afeb,Electropop,electropop,,"Dense, layered, and compressed production, usually coupled with a distinct fuzzy and ""warm"" low-frequency synthesizer style.",
9b6237f3-fc3e-471b-8016-f537f25e6c89,Eletrofunk,eletrofunk,,Blends Funk brasileiro vocals with production from popular late 2000s and early 2010s House.,
9c929230-345d-4dd5-af62-23ba1feddf9d,Festival Progressive House,festival-progressive-house,,"Uplifting, melodic, energetic but clean drops, featuring modern supersaws and pianos, taking influences from Progressive House, Uplifting Trance, but applying them to a form structurally closer to Big Room House and Electro House.",
9d4e3a6d-a7c9-4349-8573-447cb47b1d9b,Hardcore,hardcore,,Umbrella term for a wide variety of fast-paced and energetic Electronic Dance Music styles that have been developed since the early 1990s.,
9e36ef6c-456e-4cc7-b1e3-3eb6e3a82a0f,Makina,makina,,"Spanish Techno developed in the early 1990s; strongly influenced by New Beat and EBM, but aiming for a lighter sound.",
9ec1f7ee-d45a-49c8-8087-105343e972d4,Melbourne Bounce,melbourne-bounce,,"Offbeat basslines giving it a ""bouncy"" groove, and minimalistic, side-chained melodies often making use of Dutch House-influenced synths, horns or vocal chops, resulting in a flippant, party-oriented atmosphere.",
9ec3e47b-230a-46da-8422-9811c16c4423,Speed Garage,speed-garage,,"Primarily British style that paved the way for UK Garage, combining cut-up vocal samples and sped up four-on-the-floor Garage House rhythms with Jungle-esque basslines.",
9eed3433-0224-422c-94e3-08dcba4d232b,Nu Skool Breaks,nu-skool-breaks,,"Developed in the late 1990s and early 2000s; takes elements from Drum and Bass, UK Garage, and Techno.",
9fe352ce-b8a6-4681-88c7-3845153e706c,Dreampunk,dreampunk,,"Accentuates ambiance and a dreamy, futuristic atmosphere, taking influence from Progressive Electronic, as well as Cyberpunk and Dystopian movies.",
a3ebceef-c0aa-4abf-a000-38a7c98f6e35,IDM,idm,,"Emerged through the development of Electronic Dance Music idioms into a less club-oriented and more experimental direction, often incorporating unconventional sound design and complex rhythms.",
a61a2c4f-b6f6-4037-a128-92e34fb0baed,Breakcore,breakcore,,"Mixes Hardcore with cut-up, complex, and frequently noisy breakbeats at very high tempos inspired by Jungle and Drum and Bass, often with heavy use of sampling.",
a751b7d9-5e72-49f4-b0e5-217f776584c6,Batida,batida,,"Initially developed in the late '80s in Luanda, Angola, as a mixture of Soca- and Zouk-based percussion samples.",
a7eb48cb-5dbb-4924-8e62-0e39a6379dae,Birmingham Sound,birmingham-sound,,"Cold, mechanical, and hypnotic tracks, typically lacking the harsher and noisier elements of later Industrial Techno.",
a9a05a20-55af-4713-9b0e-9fd0a298f541,Ghetto House,ghetto-house,,Rough sound based around minimal drum machine-driven tracks and heavy usage of vocal samples.,
ab062ae5-ecbb-491a-8263-eac7f7c0df7a,Progressive Electronic,progressive-electronic,,"Synthesizer-driven genre focusing on developing, often longform compositions and drawing inspiration from various sources such as Progressive Rock, Western Classical Music, and Ambient.",
ab516ea6-bc47-4ea4-9772-abc9f736aeff,Trap,trap,,Trap-influenced syncopated percussion with 808 samples and fast-paced hi-hats.,
abbacfca-743f-4f15-a92c-a2e1f00bfaef,Rominimal,rominimal,,"Hypnotic, minimal, and ""dubby"" loops, featuring subtle and intricate synth pads, cranky, clicky percussion, and bouncy, pulsing basslines.",
abdc8c02-4b3c-4d4c-aeb0-2f96eda535a1,Bit Music,bit-music,,"Created by sound chips, cards, and sequencers found in video game consoles, personal computers, and arcade machines, as well as synthesizers emulating these sounds.",
ac0404b8-85e4-446a-9e43-6cf6ccca6036,Dream Trance,dream-trance,,"Slow tempo (about 130 BPM) with strong roots in Progressive House, using beats typical of Eurodance and Dance-Pop; emphasizes a laid-back, carefree, and dreamlike sound.",
ad34fb5b-cb0e-4214-a49b-19950e534b07,Hi-Tech Psytrance,hi-tech-psytrance,,"Glitchy sound design, morphing synth lines, strange sounds typically evoking futuristic or alien-like atmospheres, and faster tempos than most other forms of Psytrance.",
ad4899a5-371f-456b-af12-7941d1920bab,Wave,wave,,"Melancholic, atmospheric, melodic beats, defined by its Trap and Cloud Rap influence, ethereal and cold production style, and abundant use of sub bass.",
ad6a82a1-ed7f-44f3-b552-dcedb486fea9,Midtempo Bass,midtempo-bass,,Harsh synth leads and a usual tempo of around 90-110 BPM.,
ae3ad594-7949-4fa4-8b15-9cc354c71fb0,Festival Trap,festival-trap,,"Massive, sub-bass-heavy drops with simple melodies, synth leads and production influenced by Big Room House; highly popular from 2013 to 2015.",
ae9f0a8a-9e1a-4337-b2e9-b467f201cb79,Stutter House,stutter-house,,"Emerged in the 2020s taking influences from Melodic House, Trance, and Future Garage; features distinctive chopping of vocal samples and pads.",
af74fc63-4ba7-4888-a99f-d5d6d063b166,Dark Electro,dark-electro,,"Emerged in the early 1990s in Europe, incorporating the abrasiveness of old school Industrial but with a greater focus on a horror-inspired atmosphere and harsh, distorted vocals.",
b08bb00a-a51b-43e9-9ed0-9bff83dba9e8,Drumfunk,drumfunk,,Focuses on complex drum beats made to emulate live recordings.,
b28fc40a-f022-4a07-979b-8febec2352a6,UK Funky,uk-funky,,"Influenced by UK Garage-related styles and the regional styles of British immigrants, including Soca and West African-inspired Tribal House.",
b45fc30f-cfda-4bbf-ba6f-ea432845479f,Techno,techno,,"Highly beat-driven, repetitive, and mechanical, typically featuring minimal chord variation and melodies, focuses on rhythms and timbral variety; generally produced for club environments.",
b5989f1f-0e63-471b-afce-b5136dc3de89,Wonky Techno,wonky-techno,,"Strays from the standard beat of Techno, opting for a more fractured sound.",
b5cdd548-d2c3-4d37-961d-75dbc0c6dcd3,Breakbeat,breakbeat,,"Syncopated drum patterns (breakbeats), generally driving the groove at 110-160 BPM, emerging in the late 1980s from sampling drum breaks, before forming an umbrella genre separate from Drum and Bass, Downtempo, and Hip Hop.",
b71406b6-1717-4043-bed9-008f43b917ec,Deep House,deep-house,,"Emerged in the United States during the mid-1980s, featuring a relaxed tempo and influences from Jazz, Funk, and Soul.",
b7183d51-2501-4105-b088-0327436a999e,Baltimore Club,baltimore-club,,"Drew on the ""booty bass"" syncopation of Miami Bass, combined with Breakbeat rhythms around 130 BPM and chopped up vocal samples as found in Ghetto House.",
b8a8094d-452d-4acb-8d7f-0504719c3d7a,Outsider House,outsider-house,,"Mostly derived from Deep House; intentional use of rough, lo-fi production, often utilizing a mix of analog/analog-like and digital instrumentation.",
ba090007-20e2-421d-b05a-2f4f83186d3e,Melodic Bass,melodic-bass,,"Outgrowth of Melodic Dubstep with euphoric sound design taking influences from Future Bass, guitar melodies and pop-driven structures",
ba101ab3-3119-4678-ad95-904d12ffe1af,Acid Breaks,acid-breaks,,"Incorporates prominent ""squelching"", resonant low pass filter sounds typical to Acid House, and often other ""trippy"" effects into intense, syncopated, broken rhythms in the tempos of 110-150 BPM.",
be6d44ed-fe33-4fe2-bf1d-bf65bfb740c9,Future Bounce,future-bounce,,"Fusion of Melbourne Bounce and Future House that combines the former's basslines and bouncy, upbeat drops with the latter's metallic, pronounced synth leads.",
becdc317-f2f4-4de9-bf63-e47227582479,Bouncy Techno,bouncy-techno,,"Average tempo of 160 to 180 BPM, four-on-the-floor beats, melodic and repetitive synth melodies, drums with hard kicks, short breaks, progressive stomping rhythms, and offbeat notes.",
c091d4ba-86cf-48d9-a7f1-f16ed45417c7,Skweee,skweee,,"Mid-2000s offshoot of the Nordic Electro scene which uses simple, analogue or Chiptune-inspired synthesizer leads and basslines to create stripped-down, midtempo grooves drawing on Synth Funk and Hip Hop.",
c1b71011-6c04-4a21-9738-4705270f1860,Acidcore,acidcore,,"Developed out of the 1990s Acid Techno scene utilizing its prominence of ""acid"" TB-303 bassline sequences into more intense rhythms derived from earlier Hardcore, Gabber and Trance music.",
c1cfae70-4dbc-472b-b0ec-e4dc75ec1142,Future Funk,future-funk,,Sample-based form of House which formed out of Vaporwave in the early 2010s.,
c265b08c-7cd2-4529-8497-d56c9dc404b6,Bass House,bass-house,,"Busy, punchy percussion, prominent basslines and dirty, distorted synths resembling other bass music genres, with influences including Brostep, Fidget House, Bassline, Speed Garage, and Tech House.",
c31f90ad-b31b-4837-ad27-eb272aa3010b,Grime,grime,,"UK Garage-derived production style characterized by dark, fast-paced, often aggressive beats that commonly features fast-paced MCing.",
c358b77f-77aa-4933-bc6d-ba1bc9aa81be,Shangaan Electro,shangaan-electro,,South African genre with very fast BPM (around 180) featuring MIDI keyboard sounds and marimba.,
c4d93d5b-ef0f-4f1d-8bd9-ea02b80b10d4,Funktronica,funktronica,,"Originated in eastern North America around the turn of the 21st century, combining trends of Synth Funk and Italo-Disco.",
c556d985-60d5-4bce-ab4e-55e4fa5a3a0f,Industrial Hardcore,industrial-hardcore,,"Fuses the sonic palettes and aesthetics of Industrial with the intense rhythms of Gabber, Speedcore, Doomcore and other subsequent styles.",
c5d90af1-62a5-48a2-83e2-0e566bd8199b,Nu Style Gabber,nu-style-gabber,,"Emerged near the end of the 1990s; deeper, more harmonic bassdrums with constant use of supersaw melodies, breakdown sections and slower tempos closer to the 150-180 BPM range.",
c6296627-2362-4e48-90a2-801f9213ff92,Latin Freestyle,latin-freestyle,,"Displays a heavy influence of Hispanic American Music alongside the Disco, Hip Hop, and Electro influences of Freestyle.",
c63364dc-eafe-4226-a130-0f3e99071695,Psybreaks,psybreaks,,"Uses Psytrance-derived sound design, such as squelchy sounds and psychedelic effects.",
c719a2b5-f900-432f-8ffb-75a61531e4cd,Brostep,brostep,,Offshoot of Dubstep which replaces its sub-bass-oriented sound with an emphasis on catchy or aggressive mid-range melodies.,
c78c4531-0cac-433e-aa95-4ab0bdd3cf53,Mega funk,mega-funk,,Blends funk vocal performances with production derived from mainstage 2010s House genres like Brazilian Bass and Slap House.,
c885afa6-5d84-4a15-84b3-6c2315407b03,Garage House,garage-house,,"Disco-influenced style of House that developed in the 1980s, incorporating elements of Gospel, Soul, and Dub, before evolving into a more upbeat style that prominently features crisp syncopated hi-hats and synth stabs.",
c8bfa909-d897-4609-97c2-7cd4b9fabf6b,NRG,nrg,,"Derived from UK Hard House; featuring darker, more anthemic Trance beats and a tempo of 155-165 BPM.",
c937847f-7e3d-46cf-95a1-35bdaa12baa6,Funky House,funky-house,,"Funky, warm, catchy basslines on top of looped Funk or Disco samples, resulting in an upbeat, bouncy, and pacy groove.",
c9507ef4-3a1b-4765-a9a6-2c76425e4439,Hard Trance,hard-trance,,"Rave-oriented form of Trance infusing its atmospheres with faster, thumping rhythms and strong melodic / bassline sections, initially spawning out of the first wave in early-1990s Western Europe.",
c9a6233f-2e5f-4eaf-a1f9-30df676f8aa2,Deep Tech,deep-tech,,"Incorporates UK Garage rhythms and synths stabs, influences from British rave music, UK Bass and UK Deep House, resulting in an urban, subdued, but danceable sound with deep, muted basslines.",
cb6f37ee-e88d-4c7e-b9c7-dc2b65f6bc1a,Deep Drum and Bass,deep-drum-and-bass,,"Sub-bass-rich, repetitive, minimalist, and rhythm-focused production.",
cbf3bc06-3e63-4eaa-94ba-a1f730a5402d,Italo-Disco,italo-disco,,"Produced primarily in Italy and is characterized by the use of synthesizers, drum machines, and sometimes vocoders to create a mechanical, Electronic version of Disco with futuristic atmosphere.",
cc24fbc9-7a69-4040-99ef-ef3412a94334,French Electro,french-electro,,"Mixes Electro House with major elements of genres such as Electroclash, Nu-Disco, Synth Funk, and even Electro-Industrial, resulting in a harsh, punchy, and funky midtempo sound.",
cc4468e9-d80d-4dc5-aa55-8878c3f2788a,Funk automotivo,funk-automotivo,,"Catchy, repetitive synths accompanied by a strong four-on-the-floor kick and loud, reverberated vocals.",
ccec7e18-e36b-4123-9c60-4af7bddd8290,UK Garage,uk-garage,,"Shuffling rhythms and influences from sources including Contemporary R&B and Hip Hop, as well as many forms of Electronic.",
cddb4d28-255d-4a57-854d-6545f512541f,Witch House,witch-house,,"Nocturnal, occult-themed/horror-inspired, and murky beats with altered, slowed down and heavily processed samples laid on top of slow Hip Hop-derived drum rhythms and droning, dense synthesizers.",
ce04975d-ba1c-4f62-b3b6-876565fb9deb,Chillout,chillout,,Broad category of many relaxed styles of Electronic music which predominantly draw influence from Electronic Dance Music subgenres and Ambient.,
ce5ec4fd-c2ee-4b64-9af5-5c82613598dd,New Beat,new-beat,,"Emerged in the mid-1980s in Belgium; characterized by dark basslines, hard-hitting grooves and a slow tempo.",
cec8a5e4-0d29-4460-a816-56cc19b97cb0,Nu Jazz,nu-jazz,,Electronic styles which feature aesthetics and occasionally instrumentation inspired by Jazz.,
cf7a2898-09ad-44d6-b31d-614a6c1cd230,Raggacore,raggacore,,"Prominently incorporates samples from Ragga and Dancehall, typically through shouted vocal lines and Reggae-influenced instrumentals.",
d0ac75f3-d38b-4440-bbe7-f4027e1e05ec,Hard Drum,hard-drum,,"Highly percussive, syncopated rhythms, influences from global contemporary genres, and lack of melodic elements, with a tempo lingering around 130 BPM.",
d0b912c3-1231-4eb9-983c-48a6218ac9f4,Coupé-décalé,coupé-décalé,,"Bass-heavy and minimal style of Ivorian popular dance music, drawing heavily from Zouglou and Congolese rhythms.",
d140ab29-ae8a-499a-bd19-9ac260995fcd,Powerstomp,powerstomp,,"Prominent, ""stomping"", and slightly distorted kick, relentless, repetitive reverse basses on the offbeats (borrowed from Hardstyle) that drive the tracks, giving the genre its distinct energetic sound, and cacophonous, noisy riffs and synth leads.",
d259e87c-28b9-487d-b952-a8ec65de4ad0,Hard Beat,hard-beat,,"Short-lived, harder, harsh form of New Beat with Industrial, Acid House and EBM-influenced arrangement.",
d378945e-fdaa-44b2-89e0-32b19bf314b0,Chillstep,chillstep,,Relaxed Dubstep influenced by Downtempo and Ambient.,
d3911c49-4cf5-4e0a-ab53-f21f11d10e4b,French House,french-house,,"Originated in France in the mid-1990s, characterized by the use of filtered (low-pass, phaser, etc.) samples of Funk and Disco.",
d8c6866f-c832-4bb4-b657-4085914ec59d,Detroit Techno,detroit-techno,,"Features a signature mechanical, detached sound that echoed the atmosphere of Detroit's nightlife and incorporated influences from Electro and Chicago House as well as Synthpop and Electro-Disco.",
d921de7e-c95c-4812-ae3b-89abe5f10bf3,Fidget House,fidget-house,,"Makes heavy use of Breakbeat Hardcore-esque synth stabs, pitch bending of basslines, and cut-up vocal samples, as well as glitchy, or ""choppy"", 4/4 rhythms.",
da767628-26d7-405c-a758-970ff1f9f5ee,Minimal Techno,minimal-techno,,"Stripped-down and sparse, often featuring a dark sound and a slow, steady development through the track.",
da898e24-8b17-488a-83e2-051da0f378dc,Dariacore,dariacore,,"SoundCloud-based scene developed in the early 2020s, combining prominent vocal samples and distorted, dense production with influences from a wide range of Electronic Dance Music genres, often incorporating musical and visual references to popular media and internet culture.",
da9ad4e4-6c24-4a45-8262-686bea94a27f,Vocal Trance,vocal-trance,,"Melodic, polished, Pop-like, and vocal-focused with around 120-145 BPM and frequent overlap with Progressive Trance, Uplifting Trance, and Euro Trance.",
dd9cb45d-6c64-4606-bf82-9a0c7b2f9600,Jump-Up,jump-up,,"Emerged in the mid-1990s, characterized by loud ""wobbling"" basslines, simpler drum loops, and a light-hearted and warm sound.",
dee2dacb-200a-4b6e-8155-fa9d29695687,Chillsynth,chillsynth,,"Mixes Synthwave with major Chillwave elements, characterized by a dreamy and relaxed sound.",
df5009bd-80d3-4b9f-b729-7dec641e4976,Funky Breaks,funky-breaks,,Merging popular 1990s breaks styles like Big Beat with major Funk and Soul elements.,
df6ea37f-0efa-4b4e-ac4e-44b7d64f891f,Slap House,slap-house,,"Taking influences from Brazilian Bass and Future House, characterized by prominent, ""bouncy"" bassline and simple, upbeat melodies.",
e0336d7e-aca9-4914-8d4b-92359843e3cb,Neurohop,neurohop,,Features the complex bass of Neurofunk and a frantic and mechanical sound design.,
e1cafd5f-1e46-4bf1-a2a5-cd2c5d694c58,Big Beat,big-beat,,"Popular in Britain during the late 1990s, driven by edited breakbeats and prominent basslines.",
e1e127bc-85dc-43c3-a056-e9efc9ed7c45,Future Core,future-core,,"Blends the speed, basslines, and rhythms of UK Hardcore (mostly coming from the J-core sphere) with euphoric, woozy synths, 7th chords and arpeggios, and vocal chops of Future Bass, particularly Kawaii Future Bass.",
e2c6b951-7c47-4262-a6fc-5f0271d1ff79,Speed House,speed-house,,"Mixes busy, dirty sound design and intense drums derived from Bass House with fast tempos from 140-160 BPM, pumping basslines, and other UK Hard House influences.",
e2f8f806-b39a-42fc-9c2c-ab90b2735b07,Future Rave,future-rave,,Emerged in the late 2010s by combining the mainstage EDM approach with influences from then-popular forms of Techno and old-school Trance/rave-inspired grooves and atmospheres.,
e30d2e8e-fd9a-4fd1-a3e8-15621e16738e,Synth Punk,synth-punk,,Appropriates the harsh elements of Punk Rock but replaces the predominance of guitars with synthesizers and drum machines.,
e35170ce-3490-4475-9b61-922b7aeb3179,Jungle Terror,jungle-terror,,"Emerging mostly from Dutch House and Big Room House, incorporates Tribal House-influenced percussion, hard kicks, and animal sounds resulting in a wild, jungle-resembling atmosphere in a festival EDM-oriented context.",
e3d654d0-8aec-4320-b7dc-33dc4b65106d,Footwork Jungle,footwork-jungle,,"Combining Footwork's archetypal percussion, skittering drum fills, handclaps, and syncopated rhythms, with Drum and Bass drum programming and breakbeats, merging the two into unconventional, frantic drumming and dense, off-kilter rhythms.",
e4e82e38-59af-492c-802b-9e1eb22e1cfc,Minimal Synth,minimal-synth,,Minimal and distinctly DIY take on Synthpop with a bleak and naive aesthetic.,
e5066091-2dd6-4e32-90c0-cb2b01504125,Footwork,footwork,,"Extensive use of drum fills, tom drums, handclaps, and snares within fast-paced, highly syncopated beats not bound to a 4/4 kick rhythm.",
e5ee5307-d46b-4fd1-9504-5a945d66c6e7,Heaven Trap,heaven-trap,,"Blends Trap’s signature percussion and sub-basses with euphoric, uplifting, melodious drops prominently derived from Festival Progressive House, contrary to the gritty, ""dirty"" nature of other EDM trap styles.",
e5fa855a-be34-41a7-bd5a-e813e6e36522,Acid Trance,acid-trance,,"Incorporates ""squelching"" acid basslines into Trance's evolving structure.",
e76fe95d-df04-4259-87fd-063dcb9d1068,Dark Psytrance,dark-psytrance,,Uses more complex sound design based on dark atmospheres and fast tempos.,
e87d02cb-09b0-4473-b9ed-c9b5b3e7914c,Glitch Hop,glitch-hop,,"Tempos around 100-110 BPM, swung, bouncy drum patterns, and a focus on upbeat, danceable drops and buildups.",
e8b9cf43-3830-404d-b1b1-b6e0e7d035ca,Ambient Techno,ambient-techno,,"Blends the mechanical, repetitive beats of Techno with atmospheres and textures inspired by Ambient music, resulting in slower tempos and more understated rhythms.",
e9c1c4c1-b0ee-4af8-a866-496192aa135d,Schranz,schranz,,"Characterised by fast tempos, aggressive ""whooshing"" beat patterns, heavy compression and straightforward song structures.",
ea1380b0-a438-458a-8101-0c9a71bd1b49,Brazilian Bass,brazilian-bass,,"Originated in the 2010s in Brazil, taking influences from Deep House and Tech House, characterized by deep, punchy basslines making use of detuning and filtering effects.",
ea7e2b3b-52e4-4aed-97d3-1e83510c2f2e,Organic House,organic-house,,"Subtle drums and grooves, slow tempos, and acoustic, traditional instrumentation, resulting in an organic, warm sound and spiritual atmosphere.",
ebfe7862-0db3-47db-adee-4e4d43bbf24f,Liquid Drum and Bass,liquid-drum-and-bass,,"Atmospheric and melodic genre that developed in the early 2000s; utilizes polished and smooth production, simpler structures, and originally sampled Funk and Soul.",
eca47322-bdcb-438f-8318-99ca20fe52b1,Crossbreed,crossbreed,,Harsh and dense mixture of Darkstep with Hardcore developed in the late 2000s.,
ecaf3f66-0eef-4f52-a22f-379954d95be9,Neo-Grime,neo-grime,,Mixes Wave with Grime and other forms of UK Electronic music.,
ed514dff-4202-4175-82db-d62fcb27a98b,UK Bass,uk-bass,,"Prominent bass/sub-basses, a deep, dark, airy, and mechanical sound derived from Dubstep, and eclectic production influenced by UK Funky, Juke/Footwork, Techno, and Breakbeat.",
edaa1f90-8eb9-4e5d-b91c-990103f925b8,Chillwave,chillwave,,Emulates vintage aesthetics and popular musical styles of the 1980s/1990s altered by modern recording technology to create a hazy dreamlike atmosphere.,
edd727d8-ac81-425e-b97d-79054cee21fb,Livetronica,livetronica,,"Incorporates Electronic instrumentation into live Rock jamming, drawing on a wide variety of Electronic Dance Music and Downtempo styles.",
ee1acc6a-9fc2-4cd4-9675-306692954fc7,UK Hard House,uk-hard-house,,"Defined by offbeat bass patterns, compressed 909-style drums, buildup-drop structures, hoover sounds, and tempos between 120 and 155 BPM.",
f00a0940-5403-483d-a4ea-93501d505d70,Electroclash,electroclash,,"Draws from 1980s styles such as Electro, New Wave, and Electro-Disco combined with Techno, resulting in minimal, throbbing beats and basslines, buzzing synthesizer parts, vocoders and often monotone, half-spoken, half-sung vocals.",
f03437f5-258e-4d72-8b7e-4bf8dc680081,Latin House,latin-house,,"Incorporates elements of Latin music (various Hispanic American Music and Brazilian Music genres), including their melodies, vocals, and instruments, as well as additional Latin percussion.",
f03ad456-83f7-40e7-aef9-810a7886a99c,Slushwave,slushwave,,"Utilizes a distinct form of sample manipulation to create a “slushy” sound, usually sequenced in soft Ambient-based soundscapes.",
f03bc7e7-8105-47d6-ba19-72715e19c6d1,Digital Hardcore,digital-hardcore,,"High-tempo fusion of Hardcore Punk and Electronic, combining harsh vocals and electric guitars of the former with electronic instruments.",
f06903ee-6715-4bd5-9fcf-e0da98ff089f,Colour Bass,colour-bass,,Combines aggressive wobbling basses with the euphoric drops of Melodic Dubstep and Future Bass.,
f16928a5-a10d-4c33-a218-5dfe10406cd1,Afropiano,afropiano,,"Blends the easy-going, poppy, and melodic Afrobeats sound and rhythms with major Amapiano elements, like lush, jazzy, and laid-back atmospheres often featuring light piano chords.",
f296e321-fd49-4c32-a342-c627550768d5,Techstep,techstep,,"Futuristic, dark, and gritty sound; quantized and compressed drum breaks, distorted bass lines, and a focus on a sci-fi atmosphere and sampling sources.",
f49e0ab6-331f-4409-956d-124f1bae5102,Nustyle,nustyle,,"Developed out of Early Hardstyle from the mid-to-late 2000s, by incorporating distorted, crunchy, pitched kicks, faster tempo around 150 BPM, and detuned supersaw/square synth leads playing stompy, dramatic melodies.",
f4a2d898-5d61-4dd9-9eec-382ae83699fb,Jazzstep,jazzstep,,"Combines the rhythm and speed of Drum and Bass with the melodies, composition, and instrumentation of Jazz.",
f5020230-ca30-46e0-81fa-a58fd39ec49c,Melodic House,melodic-house,,"Arpeggiated synth lines, focus on a chilled and laid-back atmosphere, and influence from genres such as Progressive House and Deep House.",
f5550e2e-0609-447b-985f-ed8a5ac709b1,Hard Dance,hard-dance,,"Umbrella term for EDM mainly developed out of Hard Trance and UK Hard House; usually characterized by fast tempos, hard kick drums and a ""bouncy"" syncopated groove.",
f5644f51-3e7a-4a36-8867-0f6bb40ca51d,Guaracha,guaracha,,"Originated in Colombia, featuring ""fluttering"" trumpets, accordion, and tambora drums.",
f65385e9-e72d-4c69-8157-315bd6b54018,Wonky,wonky,,Off-kilter fusion of Dubstep and Hip Hop which first developed in the mid-to-late 2000s.,
f7388597-b40a-4e78-a31a-850a4a0e4faa,Hardwave,hardwave,,"Harder, festival-oriented offshoot of Wave, combining its ""reese"" basses and icy synths with Trap drum patterns, build-up-drop structures, and fuller sound influenced by Trance and Hardstyle.",
f842aa5f-2087-41f0-baeb-a8479c2f1243,Early Hardstyle,early-hardstyle,,"Forerunner subgenre that emerged around the turn of the 2000s from Hard Trance and Gabber, distinguished by the signature reverse bass groove, slower tempo around 140 BPM and straightforward, repetitive sound.",
f8650afb-24d9-4a1a-ac23-a4281fd48d53,Progressive Trance,progressive-trance,,Combination of Trance and Progressive House which emerged in Western Europe in the early to mid-1990s.,
fa2b19fd-ea5c-4e8b-a43d-beb99685e353,Eurobeat,eurobeat,,Fast-paced with roots in Hi-NRG and Italo-Disco; became mainly popular in Japan in the 1990s.,
fa3fc8bd-a29d-4eab-b2ca-2227f692fbe5,Trance,trance,,"Evolving, tension-building structures with rapid, minor arpeggios on top of a hypnotic, four-on-the-floor drum patterns at fast tempo around 130-150 BPM.",
fab8e30f-cc4a-41a1-a390-98b8761c0a14,Dungeon Synth,dungeon-synth,,"Focuses on evoking epic and atmospheric soundscapes primarily associated with fantasy and medieval settings through the usage of synthesizers, keyboards, lo-fi production, and drum machines.",
fb6971b2-c744-499e-ae0c-af5e428dce80,Drum and Bass,drum-and-bass,,"Fast, syncopated breakbeat patterns (often sampled or programmed) with prominent basslines, commonly within the 160-180 BPM range.",
fb95defe-590d-4ae4-88e1-f38dce7ee01b,Progressive Breaks,progressive-breaks,,"Derivative of Progressive House that incorporates its lush, melodic synth leads and atmospheres into Breakbeat's syncopated and broken rhythms.",
fd4d7612-9bb6-4e0f-93a2-b09e34b5b459,Darksynth,darksynth,,Incorporates atmospheric Horror Synth and faster tempos into a much heavier and darker sound.,
fdf9c8dd-5553-4086-a24d-5309fddc95cd,Jersey Sound,jersey-sound,,"Soulful, melodic, Gospel-infused House music developed in Newark, NJ in the late 1980s and early 1990s with an emphasis on songcraft.",
fe0a013f-c90f-4337-8600-648a9a6b38a4,Darkcore,darkcore,,"Aggressive, dark, and often midtempo with influences from Doomcore, Industrial Hardcore, and Nu Style Gabber.",
fe21df24-dbc8-44ed-a38b-c70418d78b36,Hardbass,hardbass,,"Bouncy hard bass beats, fast tempo, usually 150-175 BPM, and occasional lyrics or rapping.",
fe88e3c1-0d63-48b5-9c44-2f180eeb24c8,Dancefloor Drum and Bass,dancefloor-drum-and-bass,,"Emerged in the late 2000s as a more accessible and polished style with melodic, prominent synth leads derived from Jump-Up and punchy, often synthesized drums.",
fedc106a-bc0a-4716-a4e4-59bd5f7b17ca,Hyper Techno,hyper-techno,,"Exaggerated fast form of Belgian Techno for the Japanese market, focusing mainly on synth sounds and samples typical of 1990s dance music.",
ffaa0cd8-2525-4d47-b3f1-a2bfb824102e,Illbient,illbient,,"Combines Ambient soundscapes with Hip Hop drum patterns, breaks, and samples through the busy effect layering of Dub.",